Date,"Lifetime Follows by City - 6 October City, Giza Governorate, Egypt","Lifetime Follows by City - Abidjan, Lagunes, Côte d'Ivoire","Lifetime Follows by City - Abu Dhabi, United Arab Emirates","Lifetime Follows by City - Accra, Greater Accra Region, Ghana","Lifetime Follows by City - Addis Ababa, Ethiopia","Lifetime Follows by City - Agra, Uttar Pradesh, India","Lifetime Follows by City - Ahmedabad, Gujarat, India","Lifetime Follows by City - Al Ain, Abu Dhabi, United Arab Emirates","Lifetime Follows by City - Al Ajman, Emirate of Ajman, United Arab Emirates","Lifetime Follows by City - Alexandria, Alexandria Governorate, Egypt","Lifetime Follows by City - Allahabad, Uttar Pradesh, India","Lifetime Follows by City - Amman, Amman Governorate, Jordan","Lifetime Follows by City - Amritsar, Punjab region, India","Lifetime Follows by City - Assiut, Asyut Governorate, Egypt","Lifetime Follows by City - Aurangabad, Maharashtra, India","Lifetime Follows by City - Bandung, West Java, Indonesia","Lifetime Follows by City - Bangalore, Karnataka, India","Lifetime Follows by City - Bangkok, Thailand","Lifetime Follows by City - Bekasi, West Java, Indonesia","Lifetime Follows by City - Bhopal, Madhya Pradesh, India","Lifetime Follows by City - Bhubaneswar, Odisha, India","Lifetime Follows by City - Cairo, Cairo Governorate, Egypt","Lifetime Follows by City - Casablanca, Grand Casablanca, Morocco","Lifetime Follows by City - Chennai, Tamil Nadu, India","Lifetime Follows by City - Chittagong, Chittagong Division, Bangladesh","Lifetime Follows by City - Dar es Salaam, Tanzania","Lifetime Follows by City - Delhi, India","Lifetime Follows by City - Dhaka, Dhaka Division, Bangladesh","Lifetime Follows by City - Dubai, United Arab Emirates","Lifetime Follows by City - El-Mahalla el-Kubra, Gharbia Governorate, Egypt","Lifetime Follows by City - Gauhati, Assam, India","Lifetime Follows by City - Ghaziabad, Uttar Pradesh, India","Lifetime Follows by City - Giza, Giza Governorate, Egypt","Lifetime Follows by City - Hyderabad, Telangana, India","Lifetime Follows by City - Indore, Madhya Pradesh, India","Lifetime Follows by City - Jaipur, Rajasthan, India","Lifetime Follows by City - Jakarta, Indonesia","Lifetime Follows by City - Jeddah, Makkah Region, Saudi Arabia","Lifetime Follows by City - Kanpur, Uttar Pradesh, India","Lifetime Follows by City - Karachi, Sindh, Pakistan","Lifetime Follows by City - Kathmandu, Bagmati Zone, Nepal","Lifetime Follows by City - Kolkata, West Bengal, India","Lifetime Follows by City - Lagos, Lagos State, Nigeria","Lifetime Follows by City - Lahore, Punjab, Pakistan","Lifetime Follows by City - London, England, United Kingdom","Lifetime Follows by City - Lucknow, Uttar Pradesh, India","Lifetime Follows by City - Ludhiana, Punjab region, India","Lifetime Follows by City - Malappuram, Kerala, India","Lifetime Follows by City - Manama, Capital Governorate, Bahrain","Lifetime Follows by City - Mansoura, Dakahlia Governorate, Egypt","Lifetime Follows by City - Medan, North Sumatra, Indonesia","Lifetime Follows by City - Minya, Minya Governorate, Egypt","Lifetime Follows by City - Mumbai, Maharashtra, India","Lifetime Follows by City - Nagpur, Maharashtra, India","Lifetime Follows by City - Nairobi, Kenya","Lifetime Follows by City - Nangloi Jat, Delhi, India","Lifetime Follows by City - Navi Mumbai (New Mumbai), Maharashtra, India","Lifetime Follows by City - New Delhi, Delhi, India","Lifetime Follows by City - New York, NY","Lifetime Follows by City - Noida, Uttar Pradesh, India","Lifetime Follows by City - Patna, Bihar, India","Lifetime Follows by City - Pretoria, Gauteng, South Africa","Lifetime Follows by City - Pune, Maharashtra, India","Lifetime Follows by City - Rajkot, Gujarat, India","Lifetime Follows by City - Rawalpindi, Punjab, Pakistan","Lifetime Follows by City - Ribeirão Bonito, SP, Brazil","Lifetime Follows by City - Riyadh, Riyadh Region, Saudi Arabia","Lifetime Follows by City - São Paulo, SP, Brazil","Lifetime Follows by City - Semarang, Central Java, Indonesia","Lifetime Follows by City - Sharjah, Emirate of Sharjah, United Arab Emirates","Lifetime Follows by City - Sidoarjo, East Java, Indonesia","Lifetime Follows by City - Surat, Gujarat, India","Lifetime Follows by City - Tanta, Gharbia Governorate, Egypt","Lifetime Follows by City - Tunis, Tunis Governorate, Tunisia","Lifetime Follows by City - Umm Suqaym, Dubai, United Arab Emirates","Lifetime Follows by City - Vadodara, Gujarat, India","Lifetime Follows by City - Varanasi, Uttar Pradesh, India","Lifetime Follows by City - Visakhapatnam, Andhra Pradesh, India","Lifetime Follows by City - Zagazig, Al Sharqia Governorate, Egypt"
,"Lifetime: Aggregated Facebook location data, sorted by city, about the people who follow your Page. (Unique Users)",,,,,,,,,,,,,,,,,,,,,,,,,,,,,,,,,,,,,,,,,,,,,,,,,,,,,,,,,,,,,,,,,,,,,,,,,,,,,,
2017-10-08,,,127,16,,15,34,18,12,43,,13,,90,,,38,,26,14,11,121,,16,,10,,46,273,,19,,48,32,44,31,,15,,17,11,48,28,26,29,70,34,17,,,,,27,12,,,,48,17,,44,,44,,,17,,10,,22,16,,12,,,,,,11
2017-10-09,,,127,16,,15,33,18,12,43,,13,,89,,,38,10,26,14,12,120,,17,,,,46,272,,19,,50,31,44,31,,15,,17,11,47,28,25,29,69,34,16,,,,10,27,11,,,,48,17,,43,,44,,,17,,,,22,16,,12,,,,,,11
2017-10-10,10,,127,16,,15,33,18,12,43,,13,,88,,,39,,26,14,13,120,,17,,,,46,273,,19,,50,31,43,32,,15,,17,11,46,28,27,30,70,35,16,,,,10,27,11,,,,48,17,,43,,45,,,17,,,,22,17,,12,,,,,,12
2017-10-11,,,126,16,,15,33,18,12,42,,13,,86,,,40,10,27,14,13,121,,17,,,,45,272,,19,,53,31,41,32,,15,,17,11,46,28,27,29,70,35,16,,,,10,27,11,,,,48,17,,43,,45,,,17,,,,22,17,,12,,,,,,13
2017-10-12,,,125,16,,14,32,18,12,42,,13,,88,,,40,10,27,14,13,122,,17,,,,45,273,,19,,53,31,41,32,,15,,16,11,46,29,27,28,71,36,17,,,,,26,11,,,,48,18,,43,,46,,,17,,,,22,17,11,12,,,,,,12
2017-10-13,,,125,16,,14,32,18,12,42,,13,,87,,,40,,27,14,13,122,,17,,,,45,273,,19,,53,31,41,32,,15,,16,11,46,29,27,28,71,36,17,,,10,,26,11,,,,48,18,,43,,46,,,17,,,,22,17,11,12,,,,,,12
2017-10-14,,,125,16,,14,32,18,12,42,,13,,87,,,40,,27,14,13,122,,17,,,,45,273,,19,,53,31,41,32,,15,,16,11,46,29,27,28,71,36,17,,,,10,26,11,,,,48,18,,43,,46,,,17,,,,22,17,11,12,,,,,,12
2017-10-15,,,125,16,,13,31,18,12,44,,13,,87,,,40,,25,15,13,122,,17,,,,45,272,,19,,54,30,39,32,,15,,16,11,46,29,25,28,72,36,17,,,,,25,11,10,,,48,18,,43,,46,,,17,,,,22,17,12,12,,,,,,12
2017-10-16,,,127,16,,13,29,18,13,47,,13,,85,,,40,,26,14,14,120,,16,,,,45,269,,18,,54,31,41,35,,15,,16,12,46,29,27,29,71,37,17,,,,,25,11,,,,47,18,,42,,47,,,17,,10,,21,16,14,12,,,,,,11
2017-10-17,,,129,16,,12,29,18,13,48,,13,,84,,,41,,25,14,14,119,,16,,,,45,268,,18,,53,31,40,35,,15,,16,12,46,28,27,29,69,38,16,,,,,26,12,,,,47,17,,42,,45,,,17,,,10,21,16,14,12,,,,,,11
2017-10-18,,,130,16,,12,29,18,13,47,,13,,84,,,41,,25,12,14,120,,17,,,,45,268,,19,,53,31,41,38,,15,,16,12,46,28,29,31,70,38,16,,,,,24,11,,,,47,17,,42,,48,,,17,,10,,21,16,14,12,,,,,,11
2017-10-19,,,131,16,,12,30,18,13,46,,13,,83,,,41,,25,12,14,119,,18,,,,44,267,,19,,54,31,42,37,,15,,16,12,46,28,30,31,70,38,15,,,,,24,11,10,,,47,17,,41,,46,,,17,,,,21,16,14,12,,,,,,11
2017-10-20,,,133,16,,14,31,18,13,46,,13,,83,,,41,,27,12,15,118,,17,,,,44,268,,17,,54,31,41,35,,15,,16,12,46,29,29,31,71,38,15,,,10,,26,11,,,,47,17,,41,,46,,,17,,,,21,15,13,12,,,,,,11
2017-10-21,,,133,16,,15,32,18,14,46,,13,,83,,,41,,26,13,15,118,,16,,,,44,265,,17,,52,31,42,36,,14,,16,12,46,29,29,31,71,37,15,,10,,,26,11,,,,44,18,,42,,45,,,17,,,,21,15,12,12,,,,,,12
2017-10-22,,,135,16,,15,32,18,13,46,,13,,83,,,40,,26,12,15,118,,16,,10,,44,268,,17,,52,32,43,37,,14,,16,12,45,29,29,31,71,38,15,,,10,,26,,,,,44,18,,44,,45,,,17,,,,21,15,11,12,,,,,,12
2017-10-23,,,134,16,,15,32,18,13,46,,13,,83,,,40,,26,12,15,118,,16,,,,44,268,,17,,52,32,43,37,,14,,16,12,45,29,29,31,71,38,15,,,10,,26,,,,,44,18,,44,,45,,,17,,,10,21,15,11,12,,,,,,12
2017-10-24,,,134,16,,15,32,18,13,46,,13,,83,,,40,,26,12,15,118,,16,,,,44,268,,17,,52,32,43,37,,13,,16,12,45,29,29,31,71,38,15,,10,,,26,10,,,,44,18,,44,,45,,,17,,,,21,15,11,12,,,,,,12
2017-10-25,,,135,16,,15,32,18,13,46,,13,,83,,,40,,26,12,15,118,,16,,10,,44,268,,17,,52,32,43,37,,13,,16,12,45,29,29,31,71,38,15,,,10,,26,,,,,44,18,,44,,45,,,17,,,,21,15,11,12,,,,,,12
2017-10-26,,,135,16,,17,28,18,12,47,,12,,81,,11,37,,22,11,14,121,,15,,,,45,265,,19,,53,33,42,39,,13,,17,12,47,29,31,30,70,39,17,,,,,27,12,,,,45,17,,44,,42,,,17,,,,22,14,13,12,,,,,,12
2017-10-27,11,,135,16,,16,27,18,12,46,,12,,79,,11,37,,24,,14,122,,15,,,,45,264,,19,,51,34,42,39,,13,,17,12,47,29,31,30,71,38,17,,,11,,27,12,,,,45,17,,44,,41,,,17,,,,22,14,13,12,,,,,,
2017-10-28,,,137,16,,15,29,17,12,46,,12,,79,,11,36,,25,11,15,123,,15,,,,45,263,,20,,51,34,43,39,,13,,18,11,48,29,31,30,70,37,16,,,11,,27,12,,,,45,17,,44,,41,,,17,,,,22,13,11,12,,,,,,
2017-10-29,,,138,16,,14,29,17,12,46,,12,,79,,12,36,,25,,15,124,,15,,,,45,262,,21,,50,34,44,41,,12,,19,11,48,29,31,30,70,37,15,,,,,26,12,,,,45,17,,43,,41,,,17,11,,,22,12,,12,,11,,,,12
2017-10-30,,,137,16,,14,29,17,12,46,,12,,79,,12,36,,24,,16,123,,15,,,,45,262,,21,,50,34,46,41,,12,,19,,48,29,31,30,72,37,15,11,,,,25,12,,,,45,17,,43,,41,,,17,,,,22,12,11,12,,11,,,,12
2017-10-31,,,137,16,,15,29,18,12,47,,12,,78,,12,36,,25,,16,124,,15,,,,45,261,,21,,50,34,45,39,,13,,19,,48,29,31,30,72,38,15,11,,,,25,11,,,,43,17,,44,,42,,,17,14,,,22,13,,12,,11,,,,12
2017-11-01,,,137,16,,15,30,18,,47,,11,,70,,12,37,,24,,17,124,,15,,,,44,260,,21,,51,33,45,39,,15,,19,,47,29,32,30,73,38,15,12,,,,25,11,,,,42,18,,47,,40,,,17,18,,,22,14,11,12,,12,,,,12
2017-11-02,,,137,16,,15,30,18,11,46,,,,70,,12,37,,23,,16,126,,15,,,,44,261,,21,,50,34,46,39,,16,,19,,47,29,31,30,73,38,15,16,,,,25,11,,,,42,18,,45,,40,,,17,19,,,22,14,11,12,,11,,,,12
2017-11-03,,,137,16,,15,30,18,,46,,11,,70,,12,37,,23,,16,126,,15,,,,44,262,,21,,50,34,46,39,,15,,19,,47,29,31,30,73,38,15,16,,,,25,,,,,42,18,,45,,40,,,17,19,,,22,14,11,12,17,11,,,,12
2017-11-04,,,137,16,,17,31,18,,45,,11,,70,,12,35,,24,,16,126,,15,,,,44,261,,21,,47,34,43,37,,15,,19,,47,28,29,29,74,37,13,17,,,,24,,,,,43,18,,42,,40,,,17,19,,,23,14,11,12,19,12,,,,12
2017-11-05,,,137,16,,17,31,18,,45,,,,70,,12,35,,24,11,16,126,,15,,,,44,261,11,21,,47,34,43,37,,15,,19,,47,28,29,29,74,37,13,17,,,,24,,,,,43,18,,42,,40,,,17,19,,,23,14,,12,20,12,,,,12
2017-11-06,,,137,16,,15,33,18,11,46,,,,70,,12,35,,24,11,16,126,,16,,,,44,261,,21,,47,34,43,36,,16,,20,,47,27,31,30,72,36,12,17,,,,24,,11,,,44,18,,42,,40,,,17,21,,,23,13,,,31,12,,,,12
2017-11-07,,18,138,24,20,33,78,18,,53,,22,,70,,,79,,40,,23,153,,31,25,,,272,262,,38,,55,62,91,80,,19,,34,,99,44,54,30,136,70,25,23,,,,252,25,,,,96,18,,86,,105,,16,,25,,,26,21,32,,46,,,,,
2017-11-08,,,139,30,,49,96,,,54,,23,,74,,21,102,,55,,42,153,,41,32,22,,318,264,,50,,58,86,111,107,,,,45,21,128,63,74,31,167,88,41,31,,24,,262,30,,,,127,,,113,,154,,22,,26,,,27,33,46,,50,,,,22,
2017-11-09,,,139,30,,48,94,,,53,,23,,74,,,101,,55,,41,155,,40,32,22,,318,264,,51,,58,87,111,108,,23,,45,22,126,61,72,31,167,87,38,35,,24,,264,29,,,,127,,,113,,154,,22,,26,,,27,31,46,,49,,,,23,
2017-11-10,,,139,30,,50,94,,,53,,23,,74,,,102,,55,,41,155,,40,32,22,,317,263,,51,,59,87,109,108,,22,,46,22,123,61,69,30,169,89,36,35,,25,,264,29,,,,128,,,111,,152,,22,,26,,,28,31,43,,48,,,,24,
2017-11-11,,,139,29,,51,94,,,55,,23,,77,,,104,,55,,41,154,,39,32,22,,315,264,,51,,56,88,111,110,,23,,46,22,123,61,65,31,172,88,34,35,,25,,268,29,,,,127,,,110,,153,,22,,25,,,28,31,42,,44,,,,24,
2017-11-12,,,139,29,,51,94,,,55,,23,,77,,,104,,55,,41,154,,39,32,22,,315,265,,51,,56,88,111,110,,23,,46,22,123,61,65,31,172,88,34,35,,25,,268,29,,,,127,,,110,,153,,22,,25,,,28,31,42,,44,,,,24,
2017-11-13,,,138,29,,47,91,,,55,,23,,77,,,103,,55,26,41,154,,39,32,,,316,266,,50,,56,88,106,110,,22,,46,22,124,60,63,31,169,89,33,35,,25,,269,30,,,,127,,,110,,155,,22,,26,,,28,31,44,,46,,,,24,
2017-11-14,,,138,29,,51,94,,,55,,23,,78,,,102,,54,26,41,154,,39,32,,,316,266,,52,,56,89,104,110,,22,,46,23,122,60,64,31,170,89,34,35,,25,,267,29,,,,128,,,109,,158,,23,,26,,,29,31,43,,47,,,,24,
2017-11-15,,,140,19,,,50,,,47,21,20,,43,21,,85,,37,21,24,225,,34,22,,,262,285,,24,24,46,85,42,51,31,21,,42,21,89,36,48,36,62,27,,33,,,,261,33,,,,157,20,,47,,86,,,,22,,,27,,41,20,39,,,,,
2017-11-16,,,140,19,,,50,,,47,21,20,,43,21,,85,,37,21,24,225,,34,22,,,262,285,,24,24,46,85,42,51,30,21,,42,21,89,36,48,36,62,27,,33,,,,260,32,,,,156,20,,47,,86,,,,22,,,27,,41,20,39,,,,,
2017-11-17,,,143,,,,50,,,48,21,19,,43,20,,87,,34,22,23,222,,34,21,,,263,287,,24,20,50,84,44,54,31,22,19,42,21,91,37,47,36,63,32,,33,,,,267,29,,,,154,19,,44,,95,,,,22,,,27,,37,20,40,,,,,
2017-11-18,,,145,,,,50,,,49,21,,,43,20,,89,,34,21,23,222,,34,21,,,263,288,,23,19,48,84,43,55,29,22,19,42,21,87,37,46,36,65,30,,34,,,,270,30,,,19,156,19,,46,,95,,,,23,,,27,,36,20,40,,,,,
2017-11-19,,,145,,,,50,,,49,21,19,,43,20,,89,,34,21,23,222,,34,21,,,263,289,,23,,48,84,43,55,29,22,19,42,21,87,37,46,36,65,30,,34,,,,270,30,,,19,156,,,46,,95,,,,23,,,27,,36,20,39,,,,,19
2017-11-20,,,147,18,,,49,,,48,21,19,,44,22,,85,,32,23,22,218,,31,21,,,260,287,,22,,48,82,43,55,29,22,18,41,20,78,35,49,36,65,29,,34,,,,268,30,,,,156,19,,41,,94,,,,22,,,26,,38,20,40,,,,,
2017-11-21,,,148,18,,,49,,,48,21,19,,44,22,,85,,32,23,22,218,,31,21,,,260,287,,22,18,48,82,43,55,29,22,,41,20,78,35,49,36,65,29,,34,,,,268,31,,,,156,19,,41,,94,,,,22,,,26,,38,20,40,,,,,
2017-11-22,,,147,,,,51,,,47,21,19,,46,21,,88,,31,22,20,217,,32,21,,,260,289,,23,20,47,83,45,55,29,22,19,41,20,77,37,51,37,69,32,,36,,,,269,32,,,,157,19,,44,,93,,,,21,,,26,,39,20,45,,,,,
2017-11-23,,,147,,,,51,,,47,21,19,,46,21,,88,,31,22,20,217,,32,21,,,260,289,,23,20,47,83,45,55,29,22,19,41,20,77,37,51,37,69,32,,36,,,,269,31,,,,157,19,,44,,93,,,,21,,,26,,39,20,45,,,,,
2017-11-24,,,145,,,,54,,,47,22,19,,45,19,,88,,33,21,20,217,,32,21,,,259,292,,24,20,47,84,44,57,31,22,20,41,21,77,37,52,37,69,30,,35,,,,277,32,,,,151,19,,44,,95,,,,21,,,26,,40,22,43,,,,,
2017-11-25,,,145,,,,53,,,44,22,18,,45,20,,86,,33,21,19,216,,32,22,,,258,292,,25,22,46,83,45,57,32,22,20,41,21,75,37,52,36,73,32,,37,,,,276,31,,,,117,19,,42,,93,,,,21,,,26,,43,22,42,,,,,
2017-11-26,,,145,,,,53,,,44,23,,,45,22,,85,,33,21,19,218,,34,21,,,258,293,,25,22,45,82,44,57,32,22,21,41,21,71,37,51,36,73,30,,37,,,,276,32,,,,118,20,,40,,92,,,,21,,,25,,44,22,42,,,19,,
2017-11-27,,,145,,,,53,,,44,23,,,45,22,,85,,33,21,19,218,,34,21,,,258,293,,25,22,45,82,44,57,32,22,21,41,21,71,37,51,36,73,30,,37,,,,276,32,,,,118,20,,40,,92,,,,21,,,25,,44,22,42,,,19,,
2017-11-28,,,146,,36,,111,,,61,34,,,49,34,,131,,48,35,29,238,29,52,62,,,535,300,,37,34,63,128,76,90,51,,47,57,32,112,53,66,36,132,55,,40,,,,585,54,,,,214,,,64,,138,36,,,29,,,,,76,,59,,32,29,,
2017-11-29,,,147,,36,,105,,,61,35,,,51,33,,131,,48,35,29,240,30,51,64,,,532,301,,37,36,62,130,79,87,50,,47,56,32,110,52,67,36,129,55,,41,,,,593,51,,,,205,,,58,,141,36,,,30,,,,,79,,60,,33,29,,
2017-11-30,,,149,,36,,105,,,61,35,,,51,33,,130,,48,35,29,240,30,51,64,,,530,302,,37,36,62,130,79,87,50,,47,56,32,110,52,67,36,129,55,,41,,,,593,50,,,,205,,,58,,141,36,,,30,,,,,79,,60,,33,29,,
2017-12-01,,,151,,36,,105,,,61,34,,,50,33,,137,,48,34,30,238,32,49,63,,,533,302,,39,37,64,133,82,89,53,,45,52,33,107,53,69,36,132,60,,40,,,,605,52,,,,182,,,66,,140,36,,,30,,,,,83,,59,,32,30,,
2017-12-02,,,151,,36,,105,,,61,34,,,50,33,,137,,47,34,30,238,32,49,63,,,533,302,,39,37,64,133,82,89,53,,45,51,33,107,52,69,36,132,59,,40,,,,602,52,,,,180,,,66,,141,36,,,30,,,,,83,,59,,32,30,,
2017-12-03,,,150,,36,,112,,,62,33,,,50,32,,135,,49,36,29,237,32,50,62,,,527,303,,36,38,64,132,78,89,49,,47,51,34,107,52,69,36,142,59,,39,,,,600,52,,,,159,,,67,,146,34,,,30,,,,,81,,56,,32,31,,
2017-12-04,,,150,,36,,112,,,62,33,,,50,32,,135,,49,36,29,237,32,50,61,,,527,303,,36,38,64,132,78,89,49,,47,51,33,106,52,69,36,142,59,,39,,,,600,52,,,,159,,,67,,146,34,,,30,,,,,81,,55,,32,31,,
2017-12-05,,,150,,36,,112,,,62,33,,,50,32,,135,,49,35,,237,32,50,61,,,527,304,,36,38,64,131,78,89,49,,47,51,33,106,52,69,36,142,59,,39,,,,600,52,,,,159,,29,67,,146,34,,,30,,,,,81,,55,,32,31,,
2017-12-06,,,147,,36,,106,,,64,31,,,41,34,,137,,49,33,,241,31,47,62,,,518,304,,36,39,63,129,74,89,53,,50,51,33,110,54,69,35,142,55,,39,,,,589,54,,,,114,,34,60,,139,35,,,31,,,,,75,,55,,32,31,,
2017-12-07,,,147,,36,,106,,,64,31,,,41,34,,137,,49,34,,242,31,47,62,,,518,304,,36,39,63,129,74,89,53,,50,51,33,110,54,69,35,142,55,,39,,,,589,54,,,,114,,35,60,,139,35,,,31,,,,,75,,55,,32,31,,
2017-12-08,,,147,,36,,112,,,61,32,,,42,34,,138,,51,37,,244,31,46,60,,,526,306,,35,42,65,127,70,91,52,,53,57,34,113,53,70,35,135,61,,40,,,,591,52,,,,91,,36,66,,143,34,,,31,,,,,77,,55,,32,31,,
2017-12-09,,,146,,36,,110,,,61,32,,28,43,31,,138,,49,35,,245,,46,59,,,527,306,,37,40,64,128,71,92,51,,51,56,34,114,54,70,35,137,63,,40,,,,590,51,,,,84,,39,65,,143,34,,,31,,,,,76,,56,,32,30,,
2017-12-10,,,146,,32,,107,,,63,32,,28,42,33,,134,,53,37,,246,,47,58,,,529,305,,39,43,64,129,75,90,53,,49,56,34,118,54,70,35,139,59,,39,,,,590,52,,,,81,,39,65,,145,34,,,31,,,,,75,,56,,31,31,,
2017-12-11,,,146,,32,,109,,,63,33,,,41,34,,136,,53,35,,247,28,49,58,,,532,304,,37,43,63,131,76,89,49,,48,54,34,118,54,73,35,139,61,,38,,,,593,50,,,,79,,39,63,,151,36,,,32,,,,,76,,56,,31,30,,
2017-12-12,,,148,,32,,108,,,63,31,,,41,34,,138,,53,36,,248,28,49,59,,,528,304,,40,40,63,130,78,87,50,,49,54,35,117,54,72,35,137,58,,37,,,,591,50,,,,68,,47,61,,145,35,,,32,,,,,77,,56,,31,30,,
2017-12-13,,,148,,32,,108,,,63,31,,28,41,34,,138,,53,36,,248,,49,58,,,528,304,,40,40,63,130,78,87,50,,49,54,35,117,54,72,35,137,58,,37,,,,591,50,,,,68,,47,61,,145,35,,,32,,,,,77,,56,,31,30,,
2017-12-14,,,147,,32,,102,,,62,33,,,36,34,,138,,59,35,,248,30,50,58,,,535,307,,40,42,64,129,76,88,52,,47,54,34,118,53,71,35,139,57,,39,,,,598,49,,,,62,,42,62,,144,35,,,33,,,,,77,,55,,31,29,,
2017-12-15,,,147,,32,,102,,,62,33,,,36,34,,138,,59,35,,248,30,50,58,,,535,308,,40,42,64,129,76,88,52,,47,54,34,117,53,71,35,138,57,,39,,,,597,50,,,,62,,42,62,,144,35,,,34,,,,,77,,55,,31,29,,
2017-12-16,,,147,,32,,105,,,61,33,,,35,35,,135,,60,37,,242,,50,60,,,534,308,,37,41,64,127,81,93,50,,45,52,35,118,54,74,34,133,59,,38,,,,597,53,,,31,56,,43,64,,144,34,,,33,,,,,77,,53,,31,28,,
2017-12-17,,,147,,32,,104,,,61,33,,,35,35,,135,,60,37,,242,,50,60,,,534,308,,37,41,64,127,81,93,50,,45,52,35,118,54,74,34,132,59,,38,,,,597,53,,,31,56,,43,64,,144,34,,,33,,,,,77,28,53,,31,,,
2017-12-18,,,148,,32,,97,,,61,32,,,34,36,,135,,60,37,,240,,48,59,,,537,310,,35,45,66,128,76,98,49,,46,51,34,120,54,72,33,133,60,,39,,,,587,51,,30,32,44,,43,65,,146,35,,,33,,,,,79,,53,,31,,,
2017-12-19,,,148,,32,,101,,,62,32,,,33,36,,129,,59,38,,236,,48,59,,34,535,310,,37,42,66,128,73,96,49,,46,50,34,123,54,73,32,136,58,,39,,,,585,51,,30,,41,,44,64,,145,34,,,33,,,,,79,,53,,31,,,
2017-12-20,,,148,,32,,101,,,62,32,,,33,36,,129,,59,38,,236,,48,58,,34,535,311,,37,42,65,128,73,96,49,,46,50,34,123,54,73,32,136,58,,39,,,,585,51,,30,,41,,44,64,,145,34,,,35,,,,,79,,53,,31,,,
2017-12-21,,,148,,32,,96,,,63,31,,,35,35,,128,,60,38,,236,,48,61,,37,538,312,,37,43,67,126,76,93,47,,46,50,34,127,54,75,34,136,59,,39,,,,592,52,,30,,34,,47,64,,140,33,,,37,,,,,79,,53,,33,,,
2017-12-22,,,147,,32,,98,,,63,31,,,37,35,,124,,60,38,,238,,49,61,,38,538,316,,40,44,67,129,76,92,46,,44,52,34,123,53,74,33,137,58,,40,,,,598,53,,32,,31,,46,63,,141,34,,,37,,,,,79,,53,,33,,,
2017-12-23,,,151,,32,,101,,,64,31,,,37,35,,126,,61,37,,239,,49,62,,38,536,320,,38,44,66,128,74,89,45,,43,52,34,128,53,72,34,137,61,,39,,,,596,52,,32,,30,,41,67,,148,33,,,38,,,,,82,,53,,31,,,
2017-12-24,,,151,,32,,98,,,64,31,,,36,33,,126,,60,36,,236,,49,63,,39,538,324,,38,42,68,128,72,91,46,,43,52,33,128,51,73,35,129,60,,39,,,,605,53,,30,,,,41,67,,140,33,,,36,,,,,81,,53,,31,29,,
2017-12-25,,,153,,31,,101,,,62,31,,,36,34,,126,,58,38,,232,32,46,64,,42,538,323,,36,38,67,127,75,85,50,,44,53,33,130,52,72,38,130,63,,39,,,,605,53,,29,,,,40,65,,139,32,,,37,,,,,76,,55,,31,,,
2017-12-26,,,153,,31,,101,,,62,31,,,36,34,,126,,58,38,,232,32,46,64,,42,537,323,,36,38,67,126,75,85,50,,44,53,33,130,52,72,38,130,63,,41,,,,605,53,,29,,,,40,65,,139,32,,,37,,,,,76,,55,,31,,,
2017-12-27,,,160,,31,,103,,,64,31,,,35,35,,126,,59,37,,232,31,48,66,,42,536,323,,35,39,67,128,75,88,52,,45,53,33,131,51,71,38,136,63,,45,,,,599,53,,32,,,,36,66,,136,32,,,36,,,,,79,,54,,30,,,
2017-12-28,,,162,,31,,96,,,64,31,,,35,35,,125,,59,37,,233,30,49,66,,42,539,331,,35,39,66,129,77,86,50,,45,54,33,135,51,71,37,137,69,,46,,,,599,54,,31,,,,38,69,,137,34,,,36,,,32,,77,,55,,,,,
2017-12-29,,,170,,31,,100,,,65,30,,,35,35,,124,,57,38,,235,,50,65,,44,540,339,,35,38,67,128,77,86,50,,48,53,32,134,52,74,36,137,64,,47,,,,606,52,,30,,,,42,72,,138,33,,,35,,,34,,76,,55,,30,,,
2017-12-30,,,174,,31,,100,,,70,30,,,35,35,,124,,57,38,,251,,50,65,,44,539,347,,35,38,70,128,78,86,50,,48,53,32,134,52,74,36,137,64,,49,,,,605,52,,30,,,,42,72,,138,33,,,35,,,34,,76,,55,,30,,,
2017-12-31,,,176,,31,,100,,,77,30,,,36,35,,124,,56,38,,259,,50,65,,44,539,355,,35,38,72,128,78,86,50,,48,53,32,134,52,74,37,137,64,,49,,,,605,52,,,,,,42,72,,138,33,,,35,,,35,,76,31,55,,30,,,
2018-01-01,,,182,,31,,100,,,90,30,,,36,35,,124,,56,38,,275,,50,65,,44,539,365,,35,38,79,128,78,86,50,,48,53,32,134,52,74,37,137,64,,49,,,,605,52,,30,,,,42,72,,138,33,,,35,,,37,,76,34,55,,,,,
2018-01-02,,,184,,31,,100,,,97,,,30,33,34,,128,,59,36,,288,,45,65,,37,539,372,,35,39,80,128,80,86,46,,48,55,32,126,50,77,38,135,61,,49,,,,611,50,,,,45,,41,65,,144,31,,,36,,,37,,78,39,52,,,,,
2018-01-03,,,183,,31,,100,,,106,32,,,32,35,,127,,60,37,,302,,46,64,,34,544,371,,35,38,83,128,76,86,47,,50,56,32,123,51,78,38,135,61,,49,,,,620,51,,,,52,,38,64,,145,32,,,36,,,37,,80,39,53,,,,,
2018-01-04,,,185,,,,100,,,109,32,,,33,35,,127,,60,37,,314,,46,64,,34,544,373,,35,38,82,128,76,86,47,,50,56,32,123,51,78,38,135,61,,51,,,,619,51,,,,52,,38,64,36,145,32,,,36,,,37,,80,40,53,,,,,
2018-01-05,,,185,,,,96,,,124,31,,,36,34,,128,,60,36,,326,,46,63,,,545,369,,37,37,84,122,76,88,49,,49,61,32,122,49,78,38,129,63,,52,34,,,618,55,,,,83,,36,70,38,148,32,,,36,,,38,,80,38,53,,,,,
2018-01-06,,,186,,,,107,,,124,31,,,36,34,,126,,61,36,,326,,46,62,,,549,371,,37,37,84,127,75,85,50,,48,61,32,124,50,78,37,133,62,,53,34,,,620,56,,,,91,,37,69,38,146,31,,,37,,,37,,81,38,53,,,,,
