Date,"Daily Reach by Language - af_ZA","Daily Reach by Language - ak_GH","Daily Reach by Language - am_ET","Daily Reach by Language - ar_AR","Daily Reach by Language - as_IN","Daily Reach by Language - az_AZ","Daily Reach by Language - bg_BG","Daily Reach by Language - bn_IN","Daily Reach by Language - bp_IN","Daily Reach by Language - bs_BA","Daily Reach by Language - ca_ES","Daily Reach by Language - cb_IQ","Daily Reach by Language - cs_CZ","Daily Reach by Language - cx_PH","Daily Reach by Language - cy_GB","Daily Reach by Language - da_DK","Daily Reach by Language - de_DE","Daily Reach by Language - el_GR","Daily Reach by Language - en_GB","Daily Reach by Language - en_IN","Daily Reach by Language - en_PI","Daily Reach by Language - en_UD","Daily Reach by Language - en_US","Daily Reach by Language - eo_EO","Daily Reach by Language - es_ES","Daily Reach by Language - es_LA","Daily Reach by Language - es_MX","Daily Reach by Language - et_EE","Daily Reach by Language - eu_ES","Daily Reach by Language - fa_IR","Daily Reach by Language - fb_LT","Daily Reach by Language - fi_FI","Daily Reach by Language - fo_FO","Daily Reach by Language - fr_CA","Daily Reach by Language - fr_FR","Daily Reach by Language - gl_ES","Daily Reach by Language - gu_IN","Daily Reach by Language - ha_NG","Daily Reach by Language - he_IL","Daily Reach by Language - hi_IN","Daily Reach by Language - hr_HR","Daily Reach by Language - ht_HT","Daily Reach by Language - hu_HU","Daily Reach by Language - id_ID","Daily Reach by Language - is_IS","Daily Reach by Language - it_IT","Daily Reach by Language - ja_JP","Daily Reach by Language - ja_KS","Daily Reach by Language - jv_ID","Daily Reach by Language - ka_GE","Daily Reach by Language - kn_IN","Daily Reach by Language - ko_KR","Daily Reach by Language - ku_TR","Daily Reach by Language - lg_UG","Daily Reach by Language - lt_LT","Daily Reach by Language - lv_LV","Daily Reach by Language - mg_MG","Daily Reach by Language - mi_NZ","Daily Reach by Language - mk_MK","Daily Reach by Language - ml_IN","Daily Reach by Language - mr_IN","Daily Reach by Language - ms_MY","Daily Reach by Language - my_MM","Daily Reach by Language - nb_NO","Daily Reach by Language - ne_NP","Daily Reach by Language - nl_BE","Daily Reach by Language - nl_NL","Daily Reach by Language - nn_NO","Daily Reach by Language - or_IN","Daily Reach by Language - pa_IN","Daily Reach by Language - pl_PL","Daily Reach by Language - ps_AF","Daily Reach by Language - pt_BR","Daily Reach by Language - pt_PT","Daily Reach by Language - ro_RO","Daily Reach by Language - ru_RU","Daily Reach by Language - rw_RW","Daily Reach by Language - si_LK","Daily Reach by Language - sk_SK","Daily Reach by Language - sl_SI","Daily Reach by Language - so_SO","Daily Reach by Language - sq_AL","Daily Reach by Language - sr_RS","Daily Reach by Language - sv_SE","Daily Reach by Language - sw_KE","Daily Reach by Language - sz_PL","Daily Reach by Language - ta_IN","Daily Reach by Language - te_IN","Daily Reach by Language - th_TH","Daily Reach by Language - tl_PH","Daily Reach by Language - tr_TR","Daily Reach by Language - tz_MA","Daily Reach by Language - uk_UA","Daily Reach by Language - ur_PK","Daily Reach by Language - vi_VN","Daily Reach by Language - zh_CN","Daily Reach by Language - zh_HK","Daily Reach by Language - zh_TW","Lifetime Likes by Language - af_ZA","Lifetime Likes by Language - ar_AR","Lifetime Likes by Language - as_IN","Lifetime Likes by Language - az_AZ","Lifetime Likes by Language - bg_BG","Lifetime Likes by Language - bn_IN","Lifetime Likes by Language - ca_ES","Lifetime Likes by Language - cb_IQ","Lifetime Likes by Language - cs_CZ","Lifetime Likes by Language - da_DK","Lifetime Likes by Language - de_DE","Lifetime Likes by Language - el_GR","Lifetime Likes by Language - en_GB","Lifetime Likes by Language - en_IN","Lifetime Likes by Language - en_PI","Lifetime Likes by Language - en_US","Lifetime Likes by Language - es_ES","Lifetime Likes by Language - es_LA","Lifetime Likes by Language - es_MX","Lifetime Likes by Language - fa_IR","Lifetime Likes by Language - fr_CA","Lifetime Likes by Language - fr_FR","Lifetime Likes by Language - gu_IN","Lifetime Likes by Language - hi_IN","Lifetime Likes by Language - hr_HR","Lifetime Likes by Language - hu_HU","Lifetime Likes by Language - id_ID","Lifetime Likes by Language - it_IT","Lifetime Likes by Language - jv_ID","Lifetime Likes by Language - ka_GE","Lifetime Likes by Language - ko_KR","Lifetime Likes by Language - ku_TR","Lifetime Likes by Language - lv_LV","Lifetime Likes by Language - mr_IN","Lifetime Likes by Language - ms_MY","Lifetime Likes by Language - ne_NP","Lifetime Likes by Language - nl_NL","Lifetime Likes by Language - pa_IN","Lifetime Likes by Language - pl_PL","Lifetime Likes by Language - ps_AF","Lifetime Likes by Language - pt_BR","Lifetime Likes by Language - pt_PT","Lifetime Likes by Language - ro_RO","Lifetime Likes by Language - ru_RU","Lifetime Likes by Language - sl_SI","Lifetime Likes by Language - so_SO","Lifetime Likes by Language - sq_AL","Lifetime Likes by Language - sr_RS","Lifetime Likes by Language - sw_KE","Lifetime Likes by Language - ta_IN","Lifetime Likes by Language - te_IN","Lifetime Likes by Language - th_TH","Lifetime Likes by Language - tl_PH","Lifetime Likes by Language - tr_TR","Lifetime Likes by Language - tz_MA","Lifetime Likes by Language - ur_PK","Lifetime Likes by Language - vi_VN","Lifetime Likes by Language - zh_TW","Lifetime Follows by Language - af_ZA","Lifetime Follows by Language - ar_AR","Lifetime Follows by Language - as_IN","Lifetime Follows by Language - az_AZ","Lifetime Follows by Language - bg_BG","Lifetime Follows by Language - bn_IN","Lifetime Follows by Language - ca_ES","Lifetime Follows by Language - cb_IQ","Lifetime Follows by Language - cs_CZ","Lifetime Follows by Language - da_DK","Lifetime Follows by Language - de_DE","Lifetime Follows by Language - el_GR","Lifetime Follows by Language - en_GB","Lifetime Follows by Language - en_IN","Lifetime Follows by Language - en_PI","Lifetime Follows by Language - en_US","Lifetime Follows by Language - es_ES","Lifetime Follows by Language - es_LA","Lifetime Follows by Language - es_MX","Lifetime Follows by Language - fa_IR","Lifetime Follows by Language - fr_CA","Lifetime Follows by Language - fr_FR","Lifetime Follows by Language - gu_IN","Lifetime Follows by Language - hi_IN","Lifetime Follows by Language - hr_HR","Lifetime Follows by Language - hu_HU","Lifetime Follows by Language - id_ID","Lifetime Follows by Language - it_IT","Lifetime Follows by Language - jv_ID","Lifetime Follows by Language - ka_GE","Lifetime Follows by Language - ko_KR","Lifetime Follows by Language - ku_TR","Lifetime Follows by Language - lv_LV","Lifetime Follows by Language - mr_IN","Lifetime Follows by Language - ms_MY","Lifetime Follows by Language - nl_NL","Lifetime Follows by Language - pa_IN","Lifetime Follows by Language - pl_PL","Lifetime Follows by Language - ps_AF","Lifetime Follows by Language - pt_BR","Lifetime Follows by Language - pt_PT","Lifetime Follows by Language - ro_RO","Lifetime Follows by Language - ru_RU","Lifetime Follows by Language - sl_SI","Lifetime Follows by Language - so_SO","Lifetime Follows by Language - sq_AL","Lifetime Follows by Language - sr_RS","Lifetime Follows by Language - sw_KE","Lifetime Follows by Language - ta_IN","Lifetime Follows by Language - te_IN","Lifetime Follows by Language - th_TH","Lifetime Follows by Language - tl_PH","Lifetime Follows by Language - tr_TR","Lifetime Follows by Language - tz_MA","Lifetime Follows by Language - ur_PK","Lifetime Follows by Language - vi_VN","Lifetime Follows by Language - zh_TW"
,"Daily: Total Page Reach by user selected language. (Unique Users)",,,,,,,,,,,,,,,,,,,,,,,,,,,,,,,,,,,,,,,,,,,,,,,,,,,,,,,,,,,,,,,,,,,,,,,,,,,,,,,,,,,,,,,,,,,,,,,,,,"Lifetime: Aggregated language data about the people who like your Page based on the default language setting selected when accessing Facebook. (Unique Users)",,,,,,,,,,,,,,,,,,,,,,,,,,,,,,,,,,,,,,,,,,,,,,,,,,,,,,,,,,"Lifetime: Aggregated language data about the people who follow your Page based on the default language setting selected when accessing Facebook. (Unique Users)",,,,,,,,,,,,,,,,,,,,,,,,,,,,,,,,,,,,,,,,,,,,,,,,,,,,,,,,
2017-10-08,1,,,650,1,,,27,,,,,,,,1,13,,1374,1,,1,2158,,3,2,,,,4,,,,1,7,,,,,8,,,,58,,1,,,,,,,,,,,,,,6,,4,,,1,,2,,,,2,1,2,,3,,1,,,,1,,,1,,,2,,4,5,19,,,32,1,,,,,570,,,2,2,,1,,2,11,1,749,3,1,1329,7,28,,,,91,,11,,1,144,5,,,,,1,,6,,3,1,1,1,74,11,4,2,,,2,2,1,,,21,,2,1,3,3,1,,572,,,2,2,,1,,2,11,1,766,3,1,1369,7,28,,,,91,,11,,1,143,5,,,,,1,,6,3,1,1,1,74,11,4,2,,,2,2,1,,,21,,2,1,3,3,1
2017-10-09,,,,20,,,1,2,,,,,,,,1,18,,434,2,,1,902,,3,7,,,,1,,1,,,7,,1,,,10,,,1,111,,2,4,1,,,,4,,,,,,,1,,1,1,1,1,1,,2,,,,,,13,1,1,2,,,,,,,,1,,,5,1,4,1,4,,1,1,,1,,5,,570,,,2,2,,1,,2,12,1,749,3,1,1329,7,28,,,,91,,11,,1,144,5,,,,,1,,6,,3,1,1,1,74,11,4,2,,,2,2,1,,,21,,2,1,3,3,1,,572,,,2,2,,1,,2,12,1,766,3,1,1369,7,28,,,,91,,11,,1,143,5,,,,,1,,6,3,1,1,1,74,11,4,2,,,2,2,1,,,21,,2,1,3,3,1
2017-10-10,,,,126,,,2,8,,,,,8,,,10,41,8,2533,15,,,5316,,21,68,1,,,,,1,,,67,,3,,,30,,,4,629,,23,18,,2,,,26,,,,,1,,,,9,9,5,2,2,,11,,,,2,,137,10,12,11,,,,,,,,4,,,8,3,41,2,13,,,,12,16,5,27,,570,,,2,2,,1,,2,12,1,748,3,1,1331,7,28,,,,91,,11,,1,144,5,,,,,1,,6,,3,1,1,1,74,11,4,2,,,2,2,1,,,21,,2,1,3,3,1,,572,,,2,2,,1,,2,12,1,765,3,1,1371,7,28,,,,91,,11,,1,143,5,,,,,1,,6,3,1,1,1,74,11,4,2,,,2,2,1,,,21,,2,1,3,3,1
2017-10-11,,,,276,,,9,14,,,,,7,,,9,54,16,5160,24,,,9564,,39,90,,,,,,6,,5,111,,8,,,63,,,8,1158,,42,13,,,,,30,,,4,,,,,5,15,21,8,7,,,20,,,,6,,195,26,26,16,,,5,,,,,4,,,15,4,66,,31,,,5,16,21,7,35,,570,,,2,2,,1,,2,13,1,747,3,1,1332,7,28,,,,91,,11,,1,143,5,1,,,,1,,6,,3,1,1,1,74,11,4,2,,,2,2,1,,,21,,2,1,3,3,1,,573,,,2,2,,1,,2,13,1,764,3,1,1373,7,28,,,,91,,11,,1,142,5,1,,,,1,,6,3,1,1,1,74,11,4,2,,,2,2,1,,,21,,2,1,3,3,1
2017-10-12,,,,68,,,2,5,,,3,,4,,,2,39,4,3011,13,2,,4284,,16,39,,,,,1,,,2,46,,5,,,26,,,,347,,16,6,,,,2,15,,,,2,,,,2,5,10,1,4,,,15,,,,3,,41,5,6,7,,,,,,,,3,,,4,,24,2,20,,,4,8,9,,7,,570,,,2,2,,,,2,13,1,748,3,1,1334,7,28,,,,91,,11,,1,143,5,1,,,,1,,5,,3,1,1,1,74,11,4,2,,,2,2,1,,,21,,2,1,3,3,1,,573,,,2,2,,,,2,13,1,765,3,1,1376,7,28,,,,91,,11,,1,142,5,1,,,,1,,5,3,1,1,1,74,11,4,2,,,2,2,1,,,21,,2,1,3,3,1
2017-10-13,,,,31,,,1,2,,,,,,,1,1,27,2,1590,4,1,,1657,,8,12,,,,,,,,2,37,,1,,,17,1,1,,116,,5,1,,,,,,,,1,,,1,,1,1,4,,1,,,6,,,,2,,13,4,3,1,,,,,,,,2,,,,1,1,1,8,,,,,4,1,1,,569,,,2,2,,,,2,13,1,747,3,1,1335,7,28,,,,91,,11,,1,144,5,1,,,,1,,5,,3,1,1,1,74,11,4,2,1,,2,2,1,,,21,,2,1,3,3,1,,572,,,2,2,,,,2,13,1,764,3,1,1377,7,28,,,,91,,11,,1,143,5,1,,,,1,,5,3,1,1,1,74,11,4,2,1,,2,2,1,,,21,,2,1,3,3,1
2017-10-14,,,1,14,,,3,2,,,1,,,,1,1,14,1,1017,2,1,1,1022,,2,7,,,,,,,,,12,,1,,,13,1,,,45,,2,,,,,,,,,,,,,,1,1,2,,2,,,2,,,1,,,9,,2,1,,,,,,,,1,,,,,,1,4,,,,1,,1,,,569,,,2,2,,,,2,13,1,748,3,1,1336,7,28,,,,91,,11,,1,144,5,1,,,,1,,5,,3,1,1,1,74,11,4,2,1,,2,2,1,,,21,,2,1,3,3,1,,572,,,2,2,,,,2,13,1,765,3,1,1378,7,28,,,,91,,11,,1,143,5,1,,,,1,,5,3,1,1,1,74,11,4,2,1,,2,2,1,,,21,,2,1,3,3,1
2017-10-15,,,,21,,,,,,,,,1,,,,5,1,260,2,,,493,,,,,,,,,,,,2,,1,,,3,,,,29,,1,,,,,,,,,,,,,,,,,,,,,4,,,,,,9,,1,1,,,,,,,,1,,,1,,,,1,,,,,,,,,569,,,2,2,,,,2,13,1,747,3,1,1337,7,28,,,,91,,11,,1,144,5,1,,,,1,,5,,3,1,1,1,74,11,4,2,1,,2,2,1,,,21,,2,1,3,3,1,,572,,,2,2,,,,2,13,1,764,3,1,1379,7,28,,,,91,,11,,1,143,5,1,,,,1,,5,3,1,1,1,74,11,4,2,1,,2,2,1,,,21,,2,1,3,3,1
2017-10-16,,,,58,,,1,2,,,,,,,,,7,,332,1,,,642,,1,1,,,,,,,,,2,,2,,,4,,,,48,,2,,,,,,,,,,,,,,2,1,1,,1,,,3,,,,,,8,,1,,,,,,,,,,,,1,,6,,2,,,,2,,,,,569,,,2,2,,,,2,13,1,749,3,1,1336,7,28,,,,91,,11,,1,144,5,1,,,,1,,5,,3,1,1,1,74,11,4,2,1,,2,2,1,,,21,,2,1,3,3,1,,572,,,2,2,,,,2,13,1,766,3,1,1378,7,28,,,,91,,11,,1,143,5,1,,,,1,,5,3,1,1,1,74,11,4,2,1,,2,2,1,,,21,,2,1,3,3,1
2017-10-17,,,,4,,,,,,,,,,,,,6,,60,,,,135,,3,,,,,,,,,,3,,,,,1,,,,1,,1,,,,,,,,,,,,,,,,,,,,,1,,,,,,2,,1,1,,,,,,,,,,,,,,,,,,,1,,1,,,569,,,2,2,1,,,2,13,1,749,3,1,1335,7,28,,,,91,,11,,1,144,5,1,,,,1,,5,,3,1,1,1,74,11,4,2,1,,2,2,1,,,21,,2,1,3,3,1,,572,,,2,2,1,,,2,13,1,766,3,1,1377,7,28,,,,91,,11,,1,143,5,1,,,,1,,5,3,1,1,1,74,11,4,2,1,,2,2,1,,,21,,2,1,3,3,1
2017-10-18,,,,10,,,,,,,,,,,,,10,,128,,,,242,,2,2,,,,,,,,,10,,,,,1,,,,4,,,,,,,,,,,,,,,,,,1,,,,,2,,,,,,2,,3,5,,,,,,,,,,,,,,,1,,,,1,,,,,571,,,2,2,1,,,2,12,1,750,3,1,1336,7,27,,,,90,,11,,1,148,5,,,,,1,,4,,3,1,1,1,73,11,4,2,,,2,2,1,,,21,,2,1,3,3,1,,573,,,2,2,1,,,2,12,1,767,3,1,1379,7,27,,,,90,,11,,1,147,5,,,,,1,,4,3,1,1,1,73,11,4,2,,,2,2,1,,,21,,2,1,3,3,1
2017-10-19,,,,17,,,,1,,,,,,,,1,6,2,137,,,,353,,2,1,,,,,,,,,7,,,,,1,,,,13,,,,,,,,,,,,,,,,1,,1,,,,,2,,,1,,,2,1,1,5,,,,,,,,,,,,,,,,,,,1,,1,,,571,,,2,2,1,,,2,12,1,750,3,1,1335,7,27,,,,90,,11,,1,148,5,,,,,1,,4,,3,1,1,1,73,11,4,2,,,2,2,1,1,,21,,2,1,3,3,1,,573,,,2,2,1,,,2,12,1,767,3,1,1378,7,27,,,,90,,11,,1,147,5,,,,,1,,4,3,1,1,1,73,11,4,2,,,2,2,1,1,,21,,2,1,3,3,1
2017-10-20,,,1,80,,,,2,,,,,,,,2,27,1,390,,,,910,,4,2,,,,,,,,,19,,,,,5,,,,19,,2,,,,,,,,,,,,,,1,,,,,,,2,,,,,,2,,8,3,,,,,,,,1,,,1,,2,1,6,,,1,1,,3,,,571,,,2,2,1,,,2,12,1,750,3,1,1338,7,27,,,,90,,11,,1,148,5,,,,,1,,4,,3,1,1,1,73,11,4,2,,,2,2,1,,,21,,2,1,3,3,1,,573,,,2,2,1,,,2,12,1,767,3,1,1381,7,27,,,,90,,11,,1,147,5,,,,,1,,4,3,1,1,1,73,11,4,2,,,2,2,1,,,21,,2,1,3,3,1
2017-10-21,,,,22,,,,1,,,,,,,,,24,,176,2,,,438,,7,2,,,,,,,,1,30,,,,,2,,,,8,,1,1,,,,,,,,1,,,,,,,1,,1,,,4,,,,,,5,,3,2,,,,,,,,,,,,,1,,3,,,,3,,3,,,571,,,2,2,1,,,2,12,1,750,3,1,1339,7,27,,,,90,,11,,1,148,5,,,,,1,,4,,3,1,1,1,73,11,4,2,,,2,2,1,,,21,,2,1,3,3,1,,573,,,2,2,1,,,2,12,1,767,3,1,1382,7,27,,,,90,,11,,1,147,5,,,,,1,,4,3,1,1,1,73,11,4,2,,,2,2,1,,,21,,2,1,3,3,1
2017-10-22,,,,3,,,,,,,,,,,,,4,,114,,,,244,,2,,,,,,,,,,18,,,,,,,,,6,,,,,,,,,,,,,,,,,,,,1,,,,,,,,,1,,2,6,,,,2,,,,,,,,,,,1,,,,2,,,,,571,,,2,2,1,,,2,12,1,752,3,1,1340,7,27,,,,90,,10,,1,148,5,,,,,1,,4,,3,1,1,1,73,11,4,2,,,2,2,1,,,21,,2,1,3,3,1,,573,,,2,2,1,,,2,12,1,769,3,1,1383,7,27,,,,90,,10,,1,147,5,,,,,1,,4,3,1,1,1,73,11,4,2,,,2,2,1,,,21,,2,1,3,3,1
2017-10-23,,,,,,,,,,,,,,,,,7,,71,,,,104,,,,,,,,,,,,5,,,,,1,,,,,,,,,,,,,,,,,,,,,,,,,,,,,,,,,1,,2,,,,,,,,,,,,,,,,1,,,,,,1,,,572,,,2,2,1,,,2,12,1,752,3,1,1337,7,27,,,,90,,10,,1,149,5,,,,,1,,4,,3,1,1,1,73,11,4,2,,,2,2,1,,,21,,2,1,3,3,1,,574,,,2,2,1,,,2,12,1,768,3,1,1381,7,27,,,,90,,10,,1,148,5,,,,,1,,4,3,1,1,1,73,11,4,2,,,2,2,1,,,21,,2,1,3,3,1
2017-10-24,,,,32,,,,6,,,,,1,,,,3,,148,1,,,321,,3,2,,,,,,,,,7,,,,,2,,,,39,,,,,,,,,,,,,,,,1,,,,,,,4,,,,,,,,1,1,,,,,,,,1,1,,,,3,1,,,,,,,,,,571,,,2,2,1,,,2,12,1,751,3,1,1339,7,27,,,,90,,10,,1,149,5,,,,,1,,4,,3,1,1,1,73,11,4,2,,,2,2,1,,,21,,2,1,3,3,1,,573,,,2,2,1,,,2,12,1,768,3,1,1382,7,27,,,,90,,10,,1,148,5,,,,,1,,4,3,1,1,1,73,11,4,2,,,2,2,1,,,21,,2,1,3,3,1
2017-10-25,,,,26,,,,,,,,,,,,,2,1,101,,,,266,,,,,,,,,,,,26,,,,,,,,1,11,,3,,,,,,,,,,,,,,,,1,,,,,1,,,,,,1,,1,,,,,,,,,,,,,,1,1,,,,1,1,,,,,571,,,2,2,1,,,2,12,1,751,3,1,1340,7,27,,,,90,,10,,1,149,5,,,,,1,,4,,3,1,1,1,73,11,4,2,,,2,2,1,,,21,,2,1,3,3,1,,573,,,2,2,1,,,2,12,1,768,3,1,1383,7,27,,,,90,,10,,1,148,5,,,,,1,,4,3,1,1,1,73,11,4,2,,,2,2,1,,,21,,2,1,3,3,1
2017-10-26,,,,7,,,,,,,,,,,,,5,,68,1,,,163,,1,1,,,,,,,,,29,,,,,,,,,2,,,,,,,,,,,,,,,,,,,,,,,2,,,,,,1,,1,,,,1,,,,,,,,,,1,,,,,,,,,,,571,,,2,2,1,,,2,12,1,751,3,1,1339,7,27,,,,91,,10,,1,149,5,,,,,1,,4,,3,1,1,1,74,11,4,2,,,2,2,1,,,21,,2,1,3,3,1,,573,,,2,2,1,,,2,12,1,768,3,1,1382,7,27,,,,91,,10,,1,148,5,,,,,1,,4,3,1,1,1,74,11,4,2,,,2,2,1,,,21,,2,1,3,3,1
2017-10-27,,,,4,,,,,,,,,,,,,3,1,65,1,,,139,,2,1,,,,,,,,,8,,,,,,,,,,,,,,,,,,,,,,,,,,,,,,,,2,,,,,,,,,,,,,,,,,,,,,,,,,,,,,,,2,,571,,,2,2,1,,,2,12,1,752,3,1,1339,7,27,,,,91,,10,,1,149,5,,,,,1,,4,,3,1,1,1,74,11,4,2,,,2,2,1,,,21,,2,1,3,3,1,,573,,,2,2,1,,,2,12,1,769,3,1,1382,7,27,,,,91,,10,,1,148,5,,,,,1,,4,3,1,1,1,74,11,4,2,,,2,2,1,,,21,,2,1,3,3,1
2017-10-28,,,,2,,,1,,,,,,,,,,,,51,1,,,118,,1,1,,,,,,,,,12,,,,,,,,,1,,,,,,,,,,,,,,,,,,,,,,,,,,,,,,,1,,,,,,,,,,,,,,,,,,,,,,,,,571,,,2,2,1,,,2,12,1,751,3,1,1338,7,27,,,,91,,11,,1,148,5,,,,,1,,4,,3,1,1,1,74,11,4,2,,,2,2,1,,,21,,2,1,3,3,1,,573,,,2,2,1,,,2,12,1,768,3,1,1381,7,27,,,,91,,11,,1,147,5,,,,,1,,4,3,1,1,1,74,11,4,2,,,2,2,1,,,21,,2,1,3,3,1
2017-10-29,,,,3,,,,,,,,,,,,,5,,59,,,,148,,1,1,,,,,,,,,46,,,,,,,,,,,2,,,,,,,,,,,,,,,,,,,,,1,,,,,,1,,1,,,,,,,,,,,,,,,,,,,,,,,1,,570,,,2,2,1,,,2,12,1,751,3,1,1340,7,27,,,,91,,10,,1,148,5,,,,,1,,4,,3,1,1,1,74,11,4,2,,,2,2,1,,,21,,2,1,3,3,1,,572,,,2,2,1,,,2,12,1,768,3,1,1383,7,27,,,,91,,10,,1,147,5,,,,,1,,4,3,1,1,1,74,11,4,2,,,2,2,1,,,21,,2,1,3,3,1
2017-10-30,,,,70,,,,2,,,,,,,,,5,1,95,1,,,190,,4,,,,,,,,,,35,,,,,1,,,,29,,,,,,,,,,,,,,,,,,1,,,,,1,,,,,,1,,1,,,,,,,,,,,,,,8,,,,,,,,,,,572,,,2,2,1,,,2,12,1,753,3,1,1337,7,27,,,,90,,10,,1,148,5,,,,,1,,4,,3,1,1,1,74,11,4,2,,,2,2,1,,,21,,2,1,3,3,1,,574,,,2,2,1,,,2,12,1,769,3,1,1381,7,27,,,,90,,10,,1,147,5,,,,,1,,4,3,1,1,1,74,11,4,2,,,2,2,1,,,21,,2,1,3,3,1
2017-10-31,,,,696,1,,,12,,,,,,,,2,8,1,599,2,,,1129,,3,8,,,,2,,,,,22,,,,,5,,,1,124,,2,,,,,,,,,,,,,,1,,2,,,1,,2,,,1,,,4,,1,,,,,,,,1,,,,3,,16,5,3,,,6,2,,,,,575,,,2,3,1,,,2,12,1,754,3,1,1339,7,27,,,,90,,10,,1,148,5,,,,,1,,4,,3,1,1,1,74,11,4,2,,,2,2,1,,,21,,2,1,3,3,1,,577,,,2,3,1,,,2,12,1,770,3,1,1383,7,27,,,,90,,10,,1,147,5,,,,,1,,4,3,1,1,1,74,11,4,3,,,2,2,1,,,21,,2,1,3,3,1
2017-11-01,,,,466,5,,1,61,,,,,2,,,2,7,1,1671,3,,,3373,,243,1248,12,,,7,,,,3,44,,,,,17,,,2,205,,2,,,,,,1,,,,,,,,5,,3,,1,8,,3,,,2,1,,10,1,2,2,,,,,,,,21,1,,5,1,17,5,9,,,25,3,,,1,,578,,,2,3,1,,,3,12,1,754,3,1,1345,7,27,,,,90,,12,,1,148,5,,,,,1,,4,,3,1,1,1,74,11,4,2,,,2,2,1,,,22,,2,1,3,3,1,,580,,,2,3,1,,,3,12,1,770,3,1,1389,7,27,,,,90,,12,,1,147,5,,,,,1,,4,3,1,1,1,74,11,4,3,,,2,2,1,,,22,,2,1,3,3,1
2017-11-02,,,,234,3,1,,61,,,,,1,2,,,4,1,1599,6,,,3940,,183,968,4,,,4,,,,1,30,,1,,,25,,,1,176,,3,,,,,,,,,,,,,,9,,3,,,5,,4,,,3,2,,7,,,,,1,,,1,,,6,2,,4,1,24,21,9,,,23,4,,1,1,,579,,,2,3,1,,,3,12,2,756,3,1,1346,7,28,,,,90,,12,,1,148,5,,,,,1,,4,,3,1,1,1,74,11,4,2,,,2,2,2,,,22,,2,1,3,3,1,,581,,,2,3,1,,,3,12,2,772,3,1,1391,7,28,,,,90,,12,,1,147,5,,,,,1,,4,3,1,1,1,74,11,4,3,,,2,2,2,,,22,,2,1,3,3,1
2017-11-03,,,,187,,,,1,,,14,11,,,,,7,1,201,1,,,379,,184,185,,,,,,,,1,132,4,,,,,,,,13,,9,,,,,,,,,,,,,,,,1,,,,,4,,,,,1,6,3,1,,,,,,1,,,2,,,,,1,1,134,,,,,,,,,581,,,2,3,1,,,3,12,2,755,3,1,1347,7,28,,,,98,,12,,1,148,5,,,,,1,,4,,3,1,1,1,74,11,4,2,,,2,2,2,,,22,,2,1,3,3,1,,583,,,2,3,1,,,3,12,2,771,3,1,1392,7,28,,,,98,,12,,1,147,5,,,,,1,,4,3,1,1,1,74,11,4,3,,,2,2,2,,,22,,2,1,3,3,1
2017-11-04,,,,295,,,,1,,,4,13,1,,,2,2,1,234,1,,,396,,63,62,,,1,,,,,,92,1,,,,,,,,8,,4,,,,,,,1,,,,,,,,,,,1,,,1,1,,,,,,1,,,,,,,,,,3,,,,,1,,93,,,,,,,,,586,,,2,3,1,,,3,12,2,753,3,1,1350,7,28,,,,101,,11,,1,147,5,,,,,1,,4,,3,,1,1,74,11,4,2,,,2,2,2,,,22,,2,1,4,3,1,,588,,,2,3,1,,,3,12,2,769,3,1,1395,7,28,,,,101,,11,,1,146,5,,,,,1,,4,3,,1,1,74,11,4,3,,,2,2,2,,,22,,2,1,4,3,1
2017-11-05,,,,580,,,,2,,,1,11,,,,2,6,,208,1,,,482,,24,20,,,,,,,,7,201,,,,,2,,,,20,,3,,,,,,,,,,,,,,2,,,,,,,4,,,1,,,3,,,,,,,,,,,1,,,,,4,2,4,,,2,,,,,,587,,,2,3,1,,,3,12,2,754,3,1,1349,7,28,,,,103,,11,,1,147,5,,,,,1,,4,,3,,1,1,75,11,4,2,,,2,2,2,,,22,,2,1,3,3,1,,589,,,2,3,1,,,3,12,2,770,3,1,1394,7,28,,,,103,,11,,1,146,5,,,,,1,,4,3,,1,1,75,11,4,3,,,2,2,2,,,22,,2,1,3,3,1
2017-11-06,,,,4311,1,,,12,,,4,68,1,1,,2,17,3,931,,,,2115,2,29,28,,,,41,1,1,,11,1640,1,,,,1,,,,45,,12,,,,,,2,6,,,,,,,,,3,,3,1,,9,1,,,1,15,10,3,,3,,,,,,,,6,,1,1,,9,3,24,,,37,,2,,1,,601,,,2,3,1,,,3,13,2,765,3,1,1363,7,28,,,,123,,11,,1,148,5,,,,1,1,,4,,4,,1,1,75,11,4,2,,,2,2,2,,,22,,2,1,3,3,1,,603,,,2,3,1,,,3,13,2,781,3,1,1408,7,28,,,,123,,11,,1,147,5,,,,1,1,,4,4,,1,1,75,11,4,3,,,2,2,2,,,22,,2,1,3,3,1
2017-11-07,,,1,460,,,,9,,1,22,14,,,,10,6,1,682,3,,,1456,,145,77,,,,30,,,,2,284,1,,,,8,1,,,85,,6,,,,,,3,,,,1,,,,1,,,,,2,,3,,,,,7,15,2,2,1,,,,,,,,1,1,,3,,4,4,5,,,21,,,,1,,828,1,1,3,26,1,2,,4,13,2,1381,3,1,2489,19,57,,6,,259,2,26,1,2,232,7,3,,,1,,1,4,,5,1,1,4,85,16,5,3,,,2,2,13,,,26,,2,1,4,3,2,,830,1,,3,26,1,2,,4,13,2,1397,3,1,2535,19,57,,6,,259,2,26,1,2,231,7,3,1,,1,1,1,4,5,1,,4,85,16,5,4,,,2,2,13,1,,26,,2,,4,3,2
2017-11-08,,,,165,,,,21,,,1,1,,,,7,6,1,1003,2,,,1772,,12,21,1,,,2,,,,1,90,,1,,,22,,,2,194,,2,,,1,,,,,,,1,,,,2,1,2,,,,,4,,,,,2,61,15,2,3,,,,,1,,2,,5,,2,,19,5,2,,,6,4,,,,,851,1,,3,28,,3,,5,13,2,1763,4,,3004,24,66,1,7,,306,3,35,,3,332,7,3,1,,1,,4,4,,5,,1,5,135,30,5,3,,1,2,4,18,2,,40,2,3,1,6,6,2,,853,,1,3,28,,3,,5,13,2,1779,4,1,3050,24,66,,7,,306,3,35,1,3,331,7,3,1,,,1,4,4,5,1,,5,135,30,5,4,,1,2,4,18,2,,40,2,3,,6,6,2
2017-11-09,,,,133,1,,,9,,,1,,,,,4,6,,621,2,,,1252,,5,8,,1,,3,,,,,41,,1,,,9,1,,,88,,1,,,1,,,,1,,,,,,,,1,3,,1,,,4,,,,,,5,4,27,1,,,,,,,,2,,,3,,5,5,4,,,10,1,,,,,849,,1,3,28,1,3,,5,13,2,1767,4,,3008,24,67,,7,,307,3,34,1,3,332,7,3,,,1,1,3,4,,5,,,5,134,30,5,3,,1,2,4,18,2,,40,2,3,1,6,6,2,,851,,1,3,28,1,3,,5,13,2,1783,4,1,3055,24,67,,7,,307,3,34,1,3,331,7,3,,,1,1,3,4,5,,1,5,134,30,5,4,,,2,4,18,2,,40,2,3,,6,6,2
2017-11-10,,,,82,,,1,9,,,1,,,,,5,8,,498,3,,,1068,,6,12,,,,3,,,,,35,,,,,5,,,1,69,,1,,,,1,,1,1,,,1,,,,,,3,,,1,,5,,,,,1,16,5,4,1,,,,,,,,,1,,,,10,3,3,,,9,1,1,,,,849,1,1,3,27,1,3,,5,13,2,1767,4,1,3010,24,67,,7,,306,3,33,,3,332,7,3,,,,,3,4,,5,1,1,4,134,30,5,3,,1,2,4,18,2,,40,2,3,,5,6,2,,851,1,1,3,27,1,3,,5,13,2,1783,4,,3057,24,67,,7,,306,3,33,,3,331,7,3,,,1,1,3,4,5,1,1,4,134,30,5,4,,,2,4,18,2,,40,2,3,,5,6,2
2017-11-11,,,,95,,,1,7,,,19,,,,,5,9,2,503,,,,1151,,136,70,,,,4,,,,,39,1,,,,5,1,,,48,,6,,,,,,,1,,,1,,,,2,,1,,,,,5,,,,2,1,14,2,1,1,,1,,,,2,,1,1,,,1,7,1,2,,,2,2,,,,,847,1,1,3,28,1,3,,5,13,2,1766,4,,3011,24,67,,7,,306,3,33,,3,332,7,3,1,,1,1,3,4,,5,,,4,134,30,5,3,,,2,4,18,2,,40,2,3,1,5,6,2,,848,1,1,3,28,1,3,,5,13,2,1782,4,1,3058,24,67,,7,,307,3,33,1,3,331,7,3,,,,,3,4,5,1,,4,134,30,5,4,,,2,4,18,2,,40,2,3,1,5,6,2
2017-11-12,,,,33,,,1,1,,,2,,,,,4,3,,197,,,,448,,2,4,,,,2,,,,,15,,,,,2,,,1,9,,7,,,,,,,1,,,,,,,,,,,,,,2,,,,,,10,1,3,,,,,,,,1,1,,,,,3,1,,,,1,,,,1,,846,1,,3,28,,3,,5,13,2,1766,4,1,3013,24,68,1,7,,307,3,33,,3,331,7,3,,,1,1,3,4,,5,1,,4,134,30,5,3,,1,2,4,18,2,,40,2,3,,5,6,2,,848,,1,3,28,,3,,5,13,2,1782,4,,3060,24,68,1,7,,307,3,33,,3,330,7,3,1,,,1,3,4,5,1,,4,134,30,5,4,,1,2,4,18,2,,40,2,3,1,5,6,2
2017-11-13,,,1,85,,,,1,,,2,,,,,3,12,1,255,2,,,676,,60,28,,,,1,,,,5,355,,,,,,,,,8,,15,1,,,,,,,,,,,,,1,,,,,,,6,,,,,1,5,3,2,3,,,,,,,1,,,,,,6,1,1,,,,,,,,,846,1,1,3,29,1,3,,5,13,2,1772,4,1,3005,25,69,,7,,306,3,33,1,3,331,7,3,,,1,,3,4,,5,,,4,134,30,5,3,,,2,4,18,2,,40,2,3,1,5,6,2,,848,1,1,3,29,1,3,,5,13,2,1788,4,,3052,25,69,,7,,306,3,33,,3,330,7,3,,,1,1,3,4,5,1,,4,134,30,5,4,,1,2,4,18,2,,40,2,3,,5,6,2
2017-11-14,,,,140,,,,2,,,1,2,1,,,4,14,1,241,2,,,526,,4,11,,,,1,,,1,6,1092,,,,,1,,,,19,,9,3,,,,,,1,,,,,,,,,,,,,,4,,,,,1,11,2,2,1,,,,,1,1,,1,,,,,4,2,5,,1,,1,,,1,,847,1,1,3,30,,3,,5,13,2,1775,4,1,3000,25,69,,7,,309,3,33,1,3,331,6,3,,,1,1,3,4,,5,,1,4,134,30,5,3,,,2,4,18,2,,40,2,3,,5,6,2,,850,,1,3,30,,3,,5,13,2,1789,4,1,3048,25,69,1,7,,308,3,34,1,3,331,6,3,,,1,1,3,4,5,,1,4,134,30,5,4,,,2,4,18,2,,40,2,3,,5,6,2
2017-11-15,,,,182,,,,6,,,,5,,,,5,8,2,362,3,,,929,,2,13,,,,2,,6,,6,519,,,,,2,,,,63,,3,,,,,,,,,,,,,,,,1,,,,,4,,,1,,1,23,2,1,1,,,,,3,,,5,,,,,8,1,2,,1,2,2,2,,,,847,1,,3,30,,3,,5,13,2,1773,4,,3004,25,69,,7,,309,3,34,1,3,332,6,3,1,,1,,3,4,,5,1,,4,133,30,5,3,,1,2,4,18,2,,40,2,3,1,5,6,2,,849,,,3,30,,3,,5,13,2,1788,4,,3053,25,69,1,7,,309,3,34,1,3,331,6,3,1,,1,1,3,4,5,1,,4,133,30,5,4,,1,2,4,18,2,,40,2,3,,5,6,2
2017-11-16,,,,109,,,1,8,,,1,4,1,1,,5,6,,426,2,1,,997,,4,12,,,,2,,4,,,70,,,,,3,,,1,69,,2,,,,,,,,1,,,,,,2,,1,,,,,4,,,1,,1,41,2,1,3,,,,,3,,1,4,,,,,6,1,7,,,1,1,,,,,846,,,3,30,1,3,,5,13,2,1773,4,,3006,25,69,,6,,310,3,34,1,3,330,6,3,1,,1,1,3,4,,5,1,,4,133,30,5,3,,1,2,4,18,2,,40,2,3,,5,6,2,,848,,1,3,30,1,3,,5,13,2,1789,4,,3054,25,69,,6,,310,3,34,,3,329,6,3,,,1,1,3,4,5,,1,4,133,30,5,4,,1,2,4,18,2,,40,2,3,1,5,6,2
2017-11-17,,,,120,,,1,6,,,,3,,,,,10,,425,1,,,1032,,3,7,,,,2,,,,1,47,,,,,2,,,,65,,,,,,,,,,,,,,,,2,,1,,,1,,4,,,,,,38,2,1,1,,,,,1,,,,,,,,18,1,5,,,2,,,,,,846,,,3,28,1,3,,5,13,2,1772,4,1,3000,25,69,,6,,310,3,34,1,3,330,6,3,1,,,1,5,4,,5,,,4,133,30,5,3,,1,2,4,18,2,,40,2,3,1,5,6,2,,848,1,,3,28,,3,,5,13,2,1791,4,1,3046,25,68,,6,,310,3,34,1,3,329,7,3,1,,,,4,4,5,,1,4,133,30,5,4,,1,2,4,18,2,,40,2,3,1,5,6,2
2017-11-18,,,,86,,,,6,,,,3,,,,3,4,1,473,,,1,1206,,2,9,,,,1,,,,1,40,,,,,6,,,,95,,1,,,,,,,,1,,,,,,,,,,,2,,5,,,,,1,24,,,2,,,,1,,,,1,,,,,25,1,3,,,2,,,,,,846,,1,3,28,1,3,,5,13,2,1771,4,1,3001,25,68,1,6,,310,3,34,,3,330,7,3,,,,1,4,4,,5,,1,4,133,30,5,3,,,2,4,18,2,,40,2,3,1,5,6,2,,848,1,1,3,28,1,3,,5,13,2,1787,4,1,3049,25,69,,6,,310,3,34,,3,329,6,3,1,,,,4,4,5,,,4,133,30,5,4,,1,2,4,18,2,,40,2,3,1,5,6,2
2017-11-19,,,,45,1,,,2,,,,1,,,,4,5,,274,2,,,673,,4,14,,,,1,,,,1,26,,,,,1,,,,34,,1,,,,,,,,,,,,,,1,,,,,,,3,,,,1,2,28,1,1,1,,,,,,,,,,,,,8,2,8,,,3,,,,,,846,,,3,28,,3,,5,13,2,1772,4,1,3001,25,69,1,6,,309,3,34,,3,329,6,3,,,1,1,4,4,,5,1,,4,133,30,5,4,,1,2,4,18,2,,40,2,3,1,5,6,2,,848,,1,3,28,1,3,,5,13,2,1788,4,,3049,25,69,,6,,309,3,34,1,3,328,6,3,1,,1,,4,4,5,,,4,133,30,5,5,,1,2,4,18,2,,40,2,3,1,5,6,2
2017-11-20,,,,92,,,,4,,,,3,,,,,4,,274,2,1,,636,,6,19,,,,1,,,,1,87,,,,,4,,,,55,,2,,,,,,,1,,,,,,,,,,,,,,3,,,,,2,33,2,1,,,,,,,,,,,,,,12,,4,,,2,2,,,,,847,1,1,3,29,,3,,5,13,2,1773,4,1,2999,25,69,1,6,,308,3,34,,3,329,6,3,1,,1,,4,4,,5,,,4,133,30,5,4,,,2,4,18,2,,40,2,3,1,5,6,2,,848,,,3,29,1,3,,5,13,2,1792,4,,3045,25,69,1,6,,309,3,34,1,3,328,6,3,1,,1,1,3,4,5,,1,4,133,30,5,5,,,2,4,18,2,,40,2,3,,5,6,2
2017-11-21,,,,132,1,,1,7,,,1,3,,,,3,10,1,610,2,,,1330,,5,16,,,,3,,1,,1,66,,,,,1,,,,78,,1,,,,,,,1,,,,,,,3,,1,,,,,5,,,,,2,39,3,1,2,,,,,1,,1,1,1,,,1,27,3,9,,,,,,,1,,846,1,,3,29,,3,,5,13,2,1775,4,,2999,25,69,,6,,309,3,34,1,3,329,6,3,,,,1,3,4,,5,1,1,4,133,30,5,4,,1,2,4,18,2,,40,2,3,1,5,6,2,,848,1,,3,29,,3,,5,13,2,1791,4,,3047,25,69,,6,,309,3,34,,3,328,6,3,1,,1,1,3,4,5,,1,4,133,30,5,5,,1,2,4,18,2,,40,2,3,1,5,6,2
2017-11-22,,,,51,,,,19,,,,,,,,1,7,1,821,2,2,,1647,,3,6,,,,2,,,,2,48,,,,,5,,,,47,,2,1,,,1,,,,,,,,,,3,,,,,2,,4,,,,,1,13,,1,1,,,,,,,,1,,,1,,12,,,,,1,,,,,,846,,1,3,29,1,3,,5,13,2,1776,4,,3001,25,68,,6,,310,3,35,,3,330,6,3,1,,1,1,3,4,,5,1,,4,133,30,5,4,,,2,4,18,2,,40,2,3,1,5,6,2,,847,,,3,29,,3,,5,13,2,1790,4,1,3049,25,68,,6,,311,3,36,1,3,330,6,3,,,1,1,3,4,5,1,1,4,133,30,5,5,,1,2,4,18,2,,40,2,3,,5,6,2
2017-11-23,,,,69,,,,4,,,1,,,,,1,6,,280,,,,620,,3,4,,,,1,,,,1,78,,,,,2,,,1,35,,1,1,,,,,1,,,,,,,,,,,,,,,4,,,1,,1,10,2,1,2,,,,,,,,,,,,,9,2,1,,,,,,,,,845,1,,3,29,1,3,,5,13,2,1772,4,1,3002,25,68,,6,,311,3,36,1,3,331,6,3,,,,,3,4,,5,1,1,4,133,30,5,4,,,2,4,18,2,,40,2,3,1,5,6,2,,847,1,1,3,29,,3,,5,13,2,1788,4,,3050,25,68,,6,,311,3,36,,3,330,6,3,,,1,1,3,4,5,1,,4,133,30,5,5,,1,2,4,18,2,,40,2,3,1,5,6,2
2017-11-24,,,,56,1,,,2,,,,,,,,1,5,,222,1,,,487,,6,3,,,,1,,,,2,64,,,,,3,,,,17,,2,,,,,,,1,,,,,,,,,,,,,,4,,,,,1,7,1,,1,,,,,,,,,,,,,4,,,,,,,,,,,846,,,3,29,,3,,5,13,2,1774,4,1,2997,25,68,1,6,,311,3,36,,3,331,6,3,1,,,1,3,4,1,5,,,4,133,30,5,4,,1,2,4,18,2,,40,2,3,1,5,6,2,,848,,1,3,27,1,3,,5,13,2,1791,4,1,3045,25,68,1,6,,310,3,37,,3,330,6,3,,,,,3,4,5,,1,4,134,30,5,5,,1,2,4,18,2,,40,2,3,2,5,6,2
2017-11-25,,,,10,,,,1,,,,,,,,1,1,,70,1,,,135,,3,1,,,,1,,,,,16,,,,,1,,,,6,,,,,,,,,,,,,,,,,,,,,,,,,,,,,5,1,,,,,,,,,,,,,,,1,,,,,,,,,,,845,1,,3,27,,3,,5,13,2,1775,4,,2996,24,68,1,6,,310,3,37,1,3,331,6,3,1,,,1,3,4,,5,,,4,134,30,5,4,,1,2,4,18,2,,40,2,3,2,5,6,2,,847,,,3,27,1,3,,5,13,2,1789,4,,3046,24,68,1,6,,310,3,37,,3,329,6,3,1,,,,3,4,5,1,1,4,134,30,5,5,,1,2,4,18,2,,40,2,3,2,5,6,2
2017-11-26,,,,52,,,,1,,,,,,,,1,5,2,185,1,,,367,,6,4,,,,2,,,,,34,,,,,2,,,,16,,2,,,,,,,,,,,,,,,,1,,,,,1,,,,,,13,2,2,,,,,,,,,,,,,,4,1,,1,,,,,,1,,845,,,3,27,1,3,,5,13,2,1774,4,,2998,24,68,1,6,,310,3,37,1,3,330,6,3,1,,1,,3,4,,5,1,,4,135,30,5,4,,,2,4,18,2,,40,2,3,2,5,6,2,,847,,1,3,27,,3,,5,13,2,1789,4,,3046,24,68,,6,,310,3,38,1,3,330,6,3,1,,,1,3,4,5,1,,4,133,30,5,5,,1,2,4,18,2,,40,2,3,2,5,6,2
2017-11-27,,,,57,,,1,,,,,,,,,2,3,,191,,,,408,,2,8,,,,1,,,,,23,,1,,,2,,,,12,,1,,,,,,,,,,,,,,,,1,,,,,3,,,,,,8,1,,,,,,,,,,,,,,,6,1,,,,,1,,,1,,845,,1,3,27,1,3,,5,13,2,1773,4,1,2997,24,68,1,6,,310,3,38,,3,330,6,3,,,1,,3,4,,5,,,4,134,30,5,4,,1,2,4,18,2,,40,2,3,2,5,6,2,,847,1,1,3,27,1,3,,5,13,2,1789,4,,3045,24,68,1,6,,310,3,38,,3,329,6,3,,,,,3,4,5,,1,4,133,30,5,5,,1,2,4,18,2,,40,2,3,2,5,6,2
2017-11-28,,,,138,1,,,6,,,,,,,,2,7,1,569,2,,,1285,,5,8,,,,2,1,,,,41,,3,,,7,,,,68,,2,,,,,,,,,,,,,,,,1,,,,,5,,,,,,19,,2,2,,,,1,,,,1,1,,1,,25,,2,,1,2,2,,,1,,1178,,,3,52,,10,1,5,14,2,2785,7,,4809,41,108,,13,3,470,12,63,,4,482,6,3,1,,1,1,5,4,,5,,,6,139,42,5,4,,7,3,4,25,3,,49,2,5,2,6,6,2,,1180,,1,3,52,,10,,5,14,2,2801,7,,4856,41,108,,13,3,470,12,63,1,4,481,6,3,,,,,5,4,5,,1,6,138,42,5,5,,7,3,4,25,3,1,49,2,5,2,6,6,2
2017-11-29,,,,96,1,,,3,,,,2,,,,3,5,,521,3,,,1178,,49,144,,1,,1,,,,,61,,,,,10,,,,39,,2,,,,,,1,,,,,,,,2,2,,,,,,4,,,,,,11,4,1,1,,,1,1,,,,1,2,,1,,7,,2,,2,,,,,,,1176,1,1,3,51,,10,,5,14,2,2775,7,,4810,41,109,,13,3,469,12,63,,4,479,6,3,,,1,,5,4,,5,,,6,139,42,5,4,,7,3,4,25,3,2,49,2,5,2,6,6,2,,1178,,1,3,51,,10,,5,14,2,2791,7,,4857,41,109,,13,3,469,12,63,,4,478,6,3,1,,,,5,4,5,1,,6,138,42,5,5,,7,3,4,25,3,2,49,2,5,2,6,6,2
2017-11-30,,,,83,,,,1,,,1,,,,,1,33,,445,2,,,1009,,99,285,,,,2,,,,2,43,,1,,,2,,,,30,,3,3,,,,,1,,,,,,,,,1,1,,,,,5,,,,1,1,9,,1,1,,,,1,,,,,,,,1,2,,9,,,2,,,,2,,1175,,1,3,50,,10,,5,14,2,2772,7,1,4813,41,111,,13,3,469,12,63,1,4,478,6,4,,,,,5,4,,5,,,6,139,42,5,4,,7,3,4,25,3,2,49,2,5,2,6,6,2,1,1177,,1,3,50,,10,,5,14,2,2788,7,,4860,41,111,,13,3,469,12,63,1,4,477,6,4,,,,,5,4,5,,,6,138,42,5,5,,7,3,4,25,3,2,49,2,5,2,6,6,2
2017-12-01,,,,28,1,,,,,,,,,,,1,17,,215,2,,,504,,5,8,,,,2,,,,,25,,,,,3,,,,13,,2,,,,,,2,,,,,,,,,1,,,,1,,3,,,,1,1,5,2,2,1,,,,,,,,1,,,,,3,,2,,,,,1,,1,,1177,2,,3,51,,10,1,5,14,2,2770,7,1,4806,41,111,,13,3,470,12,63,,4,478,6,4,,,,,5,4,,5,,,6,139,42,5,4,,7,3,4,25,3,2,49,2,5,2,6,6,2,1,1178,2,,3,50,,10,,5,14,2,2790,7,,4855,41,111,,13,3,468,12,63,,4,477,6,4,,,,1,4,4,5,,,6,137,43,5,5,,7,3,4,25,3,2,49,2,5,2,6,6,2
2017-12-02,,,,53,,,1,1,,,,1,,,,4,9,1,218,,,,487,,119,353,,,,1,,,,,51,,,,,1,,,,10,,5,,,,,,,,,,,,,,,1,,,,,,3,,,,,,2,1,1,3,,,,,,,,1,,,,1,2,,2,,,1,,1,,,,1175,2,,3,50,,10,,5,14,2,2773,7,,4803,43,116,1,13,3,468,12,63,,4,477,6,4,,,,,4,4,,5,,1,6,138,43,5,4,,7,3,4,25,3,2,49,2,5,2,6,6,2,,1177,2,,3,50,,10,,5,14,2,2789,7,,4850,43,116,,13,3,468,12,63,,4,475,6,4,,,1,,4,4,5,,1,6,137,43,5,5,,7,3,4,25,3,2,49,2,5,2,6,6,2
2017-12-03,,,1,78,,,,3,,,,1,,,,4,10,1,378,2,,,963,,4,6,,1,,,,1,,,27,,2,,,1,,,,9,,1,,,,,,,,,,,,,,1,,,,,1,,3,,,,,,1,,,3,,,,1,,,,1,,,,,,1,,,,2,,,,,,1175,2,,3,50,,10,,5,14,2,2767,6,,4807,43,116,,13,3,469,12,61,,4,476,6,4,,,,1,4,4,,5,2,,6,138,42,5,4,,7,3,4,25,3,1,49,2,5,2,6,6,2,,1177,2,1,3,50,,10,,5,14,2,2783,6,,4854,43,116,,13,3,469,12,61,,4,474,6,4,,,,,4,4,5,2,1,6,137,42,5,5,,7,3,4,25,3,,49,2,5,2,6,6,2
2017-12-04,,,,60,,,1,1,,,,2,,,,3,9,1,283,1,,,622,,7,7,,,,,,,,1,34,,1,,,3,,,,9,,4,1,,,,,,1,,,,,,,1,,,,,,,2,,,,,,6,,1,3,,,,,,,,1,,,,,,1,1,,,1,1,,,1,,1177,2,,3,48,,10,1,5,14,2,2761,6,,4810,43,116,,13,3,468,12,62,,4,475,6,4,,,,1,4,4,,5,,,6,138,42,5,4,,7,3,4,25,3,1,49,2,5,2,6,6,2,1,1179,2,,3,48,,10,,5,14,2,2777,6,,4857,43,116,,13,3,468,12,62,,4,473,6,4,,,,,4,4,5,1,,6,137,42,5,5,,7,3,4,25,3,1,49,2,5,2,6,6,2
2017-12-05,,,,35,,,1,2,,,1,2,,,,2,5,,219,1,,,432,,2,6,,,,1,,,,1,26,,1,,,,,,,11,,1,,,,,,,,,,,,,,,,,,,,,3,,,,,,4,,1,1,,,,,,,,1,,,,,,,1,,,,1,,,,,1175,3,1,3,48,,10,1,5,14,2,2755,6,,4812,43,116,,13,3,468,12,61,,4,475,6,4,,,,,4,4,,5,,,6,138,42,5,4,,7,3,4,25,3,1,49,2,5,2,7,6,2,,1177,3,,3,48,,10,,5,15,2,2771,6,,4859,43,116,1,13,3,468,12,61,,4,473,6,4,,,,1,4,4,5,1,,6,137,42,5,5,,7,3,4,25,3,,49,2,5,2,7,6,2
2017-12-06,,,,40,,,1,1,,5,1,,,,,7,12,1,261,2,,,634,,5,11,,,,1,,1,,2,115,,1,,,2,8,,1,134,,2,1,,1,,,1,,,,,,,1,,,4,,,,1,8,,,,2,,6,2,1,2,,,,,,,3,1,,,,,1,,12,,,,,,,,,1173,4,,3,47,,9,,5,14,2,2754,6,,4810,43,116,,13,3,468,12,62,,4,474,6,4,,,1,,4,4,,5,2,,6,138,42,5,4,,7,3,4,25,3,1,49,2,5,2,7,6,2,,1175,4,1,3,47,,9,,5,15,2,2770,6,,4857,43,116,,13,3,468,12,62,,4,472,6,4,,,,,4,4,5,2,,6,137,42,5,5,,7,3,4,25,3,1,49,2,5,2,7,6,2
2017-12-07,,,,37,,,,2,,4,,1,,,,3,17,,238,1,1,,544,,2,8,,,,1,,1,,,91,,1,,,,9,,1,57,,3,,,,,,,,,,,,,1,,,3,,2,,,6,,,,,,4,3,1,1,,,,1,,1,2,1,,,,,2,,17,,,1,,,,,,1175,3,,3,48,,9,1,5,14,2,2752,6,,4810,43,117,,13,3,469,12,62,,4,474,6,4,,,,,4,4,,5,2,,6,138,42,5,4,,7,3,4,25,3,2,48,2,5,2,7,6,2,,1177,3,,3,48,,9,1,5,15,2,2768,6,,4857,43,117,,13,3,469,12,62,,4,472,6,4,,,,,4,4,5,2,,6,137,42,5,5,,7,3,4,25,3,2,48,2,5,2,7,6,2
2017-12-08,1,,,30,,,,1,,,,1,,,,2,9,,276,1,,,652,,14,34,,,,1,,,,1,76,,,,,,1,,,23,,2,1,,,,,,,,,,,,,1,,1,,1,,,3,,,,1,1,5,,1,1,,,,,,,,1,,,,,,,1,,,,,,,,,1175,4,,3,46,,9,,5,14,2,2753,6,,4805,43,117,,13,3,469,12,64,,4,474,6,4,1,,,,3,4,,5,2,,6,138,42,5,4,,7,3,4,25,3,2,48,2,5,2,7,6,2,,1177,4,,3,46,,9,,5,15,2,2769,6,1,4852,43,117,,13,3,469,12,64,,4,472,6,4,,,,,3,4,5,2,,6,137,42,5,5,,7,3,4,25,3,2,48,2,5,2,7,6,2
2017-12-09,,,,22,,,,1,,1,1,1,,,,3,5,,233,1,,,550,,4,12,,,,1,,,,,45,,,,,2,1,,,17,,1,,,,,,,,,,,,,,1,,1,,1,,,3,,,,,1,1,,1,4,,,,,,,,1,,,,,2,,4,,,,,,,,,1177,3,,3,46,,9,,5,14,2,2746,6,,4809,43,117,,13,3,469,12,64,1,4,473,6,4,,,,,3,4,,5,2,,6,138,42,5,4,,7,3,4,25,3,2,48,2,5,2,7,6,2,,1179,3,,3,46,,9,,5,15,2,2762,6,,4856,43,117,,13,3,469,12,64,,4,471,6,4,1,,,,3,4,5,2,,6,137,42,5,6,,7,3,4,25,3,2,48,2,5,2,7,6,2
2017-12-10,,,,5,,,,,,1,,1,,,,2,2,,44,1,,,96,,,,,,,,,,,,9,,,,,2,1,,,4,,,,,,,,,,,,,,,,,,,,,,,1,,,,,1,,,,,,,,,,,,1,,,,,,,,,,,,,,,,1176,3,,3,45,,9,,5,14,2,2754,6,,4800,43,117,,13,3,468,13,63,1,4,472,6,4,,,,,3,4,,5,2,,6,138,42,5,4,,6,3,4,25,3,2,48,2,5,2,7,6,2,,1178,3,1,3,45,,9,,5,15,2,2770,6,,4847,43,117,,13,3,468,13,63,,4,470,6,4,,,,,3,4,5,2,,6,137,42,5,6,,6,3,4,25,3,2,48,2,5,2,7,6,2
2017-12-11,,,,14,,,,1,,,,1,,,,1,3,,65,1,,,167,,5,6,,,,1,,,,,20,,,,,,,,2,8,,,,,,,,,,,,,,,,,1,1,,,,,2,,,,,1,3,2,1,1,,,,,,,,,,,,,,,,,,,,,,,,1175,3,,3,45,,9,,5,14,2,2751,6,,4799,43,117,,13,3,469,13,63,1,4,473,6,4,,,,,3,4,,5,2,1,6,138,42,5,4,,5,3,4,25,3,2,48,2,5,,7,6,2,,1177,3,,3,45,,9,,5,15,2,2767,6,,4846,43,117,1,13,3,469,13,63,1,4,471,6,4,,,,,3,4,5,2,,6,137,42,5,6,,5,3,4,25,3,2,48,2,5,,7,6,2
2017-12-12,,,,29,,,,1,,,1,,,,,,5,,108,1,,,244,,2,6,,,,2,,,,1,22,,,,,,,,1,3,,,,,,,,,,,,,,,,,,2,,,,,1,,,,,1,2,,1,2,,,,,,,,,,,,,,,,,,,,,,,,1175,3,1,3,46,,9,,5,14,2,2749,6,,4798,43,117,,13,3,470,13,63,,4,473,6,4,,,,,3,4,,5,2,,6,138,42,5,4,,5,3,4,25,3,2,48,2,5,1,7,6,2,,1177,3,,3,46,1,9,,5,15,2,2765,6,,4845,43,117,,13,3,470,13,63,,4,471,6,4,,,,,3,4,5,2,,6,137,42,5,6,,5,3,4,25,3,2,48,2,5,1,7,6,2
2017-12-13,,,,13,,,,2,,,,,,,,,5,1,103,1,,,208,,4,4,,,,,,,,,28,,,,,1,,,1,5,,1,,,,,,,,,,,,,,,,,,,,,1,,,,,,2,,1,3,,,,,,,,,,,,,,,,,,,,,,,,1176,3,,3,46,,9,,5,14,2,2743,6,1,4800,43,116,,13,3,470,12,63,,4,473,6,4,,,,1,4,4,,5,2,,6,138,42,5,4,,5,3,4,25,3,2,48,2,5,,7,6,2,,1178,3,,3,46,,9,1,5,15,2,2759,6,,4847,43,116,,13,3,470,12,63,,4,471,6,4,,,,,4,4,5,2,1,6,137,42,5,6,,5,3,4,25,3,2,48,2,5,,7,6,2
2017-12-14,,,,42,,,,3,,,,,,,,1,7,,187,1,,,318,,5,6,,,,1,,,,,27,,,,,,,,,5,,2,,,,,,,,,,,,,,,,,,1,,,1,,,,,,2,,1,2,,,,,,,,,,,,,3,,1,,,,,,,,,1176,3,,3,46,,9,,5,14,2,2743,6,1,4800,43,116,,13,3,470,13,62,,4,473,6,4,,,,,3,4,,5,3,1,6,138,42,5,4,,5,3,4,25,3,2,48,2,5,,7,6,2,,1178,3,,3,46,,9,,5,15,2,2759,6,,4847,43,116,,13,3,470,13,62,,4,471,6,4,1,,,1,3,4,5,3,,6,137,42,5,6,,5,3,4,25,3,2,48,2,5,,7,6,2
2017-12-15,,,,20,,,,1,,,1,,,,,2,6,,104,,,,239,,114,332,,,,,,,,,22,,1,,,1,,,1,6,,,,,,,,,,,,,,,,,,1,,,,,,,,,,1,5,1,1,1,,,,,,,,1,,,,,3,,1,,,,,,,,,1176,3,,3,46,1,9,,5,14,2,2739,6,,4803,43,115,,13,3,470,13,61,,4,473,6,4,,,1,,3,4,,5,3,,6,139,42,5,4,,5,3,4,25,3,2,48,2,5,,7,6,2,,1178,3,,3,46,,9,,5,15,2,2755,6,,4850,43,115,,13,3,470,13,61,,4,471,6,4,1,,,1,3,4,5,3,,6,138,42,5,6,,5,3,4,25,3,2,48,2,5,,7,6,2
2017-12-16,,,,12,,,,,,,1,,,,,1,3,,63,1,,,151,,156,417,1,,,,,,,,18,,2,,,,,,1,5,,,,,,,,,,,,,,,,,,,,,,,,,,,,1,,,,1,,,,,,,,,,,,,,,,,,,,,,,1,1177,3,,3,46,,9,1,5,14,2,2740,6,,4796,43,119,,13,3,468,13,60,,4,473,6,4,,,,,3,4,,5,3,,6,138,42,5,4,,5,3,4,25,3,2,48,3,5,,6,6,2,1,1179,3,,3,46,,9,1,5,15,2,2753,6,,4848,43,117,,13,3,469,13,61,,4,471,6,4,,,,,3,4,5,3,1,6,137,42,5,6,,5,3,4,25,3,,48,2,5,,6,6,2
2017-12-17,,,,20,,,,,,,,1,,,,,1,,67,1,,,114,,5,10,,,,,,,,,20,,,,,,,,,3,,1,,,,,,,,,,,,,,,,,,,,,1,,,,,1,2,,,2,,,,,,,,,,,,,,,,,,,,,,,1,1176,3,1,3,46,,9,,5,14,2,2736,6,,4801,43,120,1,13,3,469,13,61,,4,473,6,4,,,,,3,4,,5,3,,6,138,42,5,4,,5,3,4,25,3,,48,2,5,,6,6,2,1,1178,3,,3,48,,9,,5,15,2,2751,6,,4844,43,121,,13,3,470,13,62,,4,471,6,4,,,,,3,4,5,3,,6,137,42,5,6,,5,3,4,25,3,1,48,2,5,1,6,6,2
2017-12-18,,,,28,,,,,,,,,,,,2,3,,142,1,,,269,,2,6,,,,,,,,,15,,4,,,,1,,,8,,1,,,,,,,,,,,,,,,,2,,,,,2,,,,,1,2,2,1,2,,,,,,,,,,,,,1,1,,,,,,,,,,1177,3,1,3,48,1,9,,5,14,2,2735,6,,4797,43,121,,13,3,471,12,62,,4,473,6,4,,,,,3,4,,5,3,1,6,138,42,5,4,,5,3,4,25,3,,48,2,5,,6,6,2,1,1178,3,,3,48,,9,,5,15,2,2757,6,,4838,43,121,1,13,3,471,12,62,,4,471,6,4,,,1,,3,4,5,3,,6,137,42,5,6,,5,3,4,25,3,,48,2,5,,7,6,2
2017-12-19,,1,,140,1,,1,12,,,1,2,,,,2,32,1,613,1,1,1,1298,,17,73,,,,,1,,,,59,,,,,7,1,,3,32,,3,,,,2,,2,,,,,,,,1,,1,,,,,5,,,,,1,9,3,1,15,,,,,1,1,,,1,,,1,7,2,8,,,4,1,,,1,,1176,3,,3,48,,9,1,5,14,2,2739,6,,4791,43,121,,13,3,471,12,62,,4,473,6,4,,,1,,3,4,,5,3,,6,138,42,5,4,,5,3,4,25,3,,47,2,5,1,7,6,2,,1178,3,,3,49,1,9,,5,15,2,2756,6,,4835,43,121,,13,3,471,12,62,1,4,471,6,4,,,1,,3,4,5,3,,6,137,42,5,6,,5,3,4,25,3,,47,2,5,,7,6,2
2017-12-20,,,,472,1,,1,20,,,1,1,,,,1,8,,987,,1,,2280,,229,678,1,,,3,1,,,1,103,,2,,,9,,,2,38,1,3,3,,,,1,,,,,,,,1,1,,,,,3,1,4,,,1,,3,15,,,3,,,,,,,,3,,,,,2,4,3,,,6,,,,,1,1176,3,,3,49,,9,,5,14,2,2741,6,,4792,43,122,1,13,3,473,12,62,,4,473,6,4,,,,,3,4,,5,3,,6,138,42,5,4,,5,3,4,25,3,1,47,2,5,,7,6,2,,1178,3,,3,49,,9,,5,15,2,2757,6,,4838,43,122,,13,3,473,12,62,1,4,471,6,4,,,1,1,3,4,5,3,,6,137,42,5,6,,5,3,4,25,3,,47,2,5,,7,6,2
2017-12-21,,,,25,,,,5,,,,1,,,,2,7,,346,1,,,820,,4,7,,,,1,,,,,34,,,,,,,,,11,,2,1,,,,,1,,,,,,,,2,,1,,1,1,,,,,,1,,,,1,4,,,,,,,,2,,,,,1,,1,,,1,,,,,,1180,3,,3,48,,9,,5,14,2,2743,6,1,4786,43,121,,13,3,473,12,64,,4,472,6,4,,,,1,3,4,,5,3,,6,138,42,5,5,,5,3,4,25,3,1,47,2,5,,7,6,2,1,1182,3,,3,48,,9,,5,15,2,2759,6,1,4832,43,121,,13,3,473,12,64,,4,470,6,4,,,1,,3,4,5,3,,6,137,42,5,7,,5,3,4,25,3,,47,2,5,,7,6,2
2017-12-22,,,1,49,,,2,9,1,,,1,,,,,8,1,590,2,,,1553,,4,12,,,,3,,,,1,42,,2,,,2,,,,19,,4,,,,,,1,,,,,,,1,,,1,,,3,,1,,,,,1,7,,1,4,,,,,1,1,,,,,,,4,,,,,2,,1,,1,,1178,3,,3,48,1,9,,5,14,2,2742,6,,4792,43,123,,13,3,473,12,64,1,4,472,6,4,,,,,3,4,,5,3,2,6,139,42,5,5,,5,3,4,25,3,,46,2,5,,7,6,2,1,1181,3,,3,48,,9,,5,15,2,2757,6,,4837,43,123,,13,3,473,12,64,,4,470,6,4,1,,,,3,4,5,3,2,6,138,42,5,7,,5,3,4,25,3,,46,2,5,,7,6,2
2017-12-23,,,1,15,,,1,5,,,,,,,,1,3,1,278,1,,,781,,3,3,,,,,,,,,15,1,,,,1,,,,7,,1,,,,,,1,,,,,,,,2,,,,,1,1,4,,,,,,2,,,3,,,,,,,,1,1,,,,,,,,,,,,,,,1177,3,,3,48,,9,,5,14,2,2743,6,,4796,43,123,,13,3,472,12,65,,4,472,6,4,,,,1,3,4,,5,3,2,6,140,42,5,5,,5,3,4,25,3,1,46,2,5,,7,6,2,1,1180,3,,3,48,,9,,5,15,2,2759,6,,4841,43,123,,13,3,472,12,65,,4,470,6,4,1,,,,3,4,5,3,2,6,139,42,5,7,,5,3,4,25,3,,46,2,5,,7,6,2
2017-12-24,,,,3,,,1,,,,,,,,,1,,,31,,,,67,,1,1,,,,,,,,,4,,,,,,,,,,,2,,,,,,,,,,,,,,,,,,,,,,,,,,,,,,,,,,,,,,,,,,,,,,,,,,,,,,1178,3,1,3,50,,9,,5,14,2,2752,6,,4785,43,123,,13,3,472,12,66,,4,472,6,4,,,,,3,4,,5,3,2,6,140,42,5,5,,5,3,4,25,3,,46,2,5,1,8,6,2,,1181,3,,3,50,,9,,5,15,2,2768,6,,4830,43,123,,13,3,472,12,66,,4,470,6,4,,,,1,3,4,5,3,2,6,139,42,5,7,,5,3,4,25,3,1,46,2,5,,8,6,2
2017-12-25,,,,24,,,,1,,,,1,,,,1,4,,126,,,,278,,4,6,,,,,,,,,23,,1,1,,1,,,,7,,1,1,,,,,1,,,,,,,,,,1,,,,,,,,,,,3,,,2,,,,,,,,,,,,1,1,,,,,,,,,,,1177,4,1,3,49,,9,,5,14,2,2753,6,,4786,43,123,,13,3,472,12,64,,4,472,7,4,,1,,,3,3,,5,3,2,6,140,42,5,5,,5,3,4,25,3,,46,2,5,,8,6,2,,1179,3,,3,48,,9,,5,16,2,2766,6,,4835,43,123,1,13,3,472,12,65,,4,470,7,4,,1,,,3,3,5,3,2,6,139,42,5,7,,5,3,4,25,3,,46,2,5,,8,6,2
2017-12-26,,,,63,,,,15,,,,1,,,,,8,2,575,1,,,1351,,2,8,,,,1,1,,,1,38,,1,,,3,,,,45,,1,,,,,,1,1,,,,,,,1,,1,,,,,2,,,,1,,7,,1,4,,,,,,,1,,1,,2,,22,2,,,,1,,,,,,1177,3,,3,48,,9,,5,15,2,2749,6,,4791,43,123,,13,3,471,12,65,1,4,472,7,4,,,,,3,3,,5,3,2,6,140,42,5,5,,5,3,4,25,3,1,46,2,5,,8,6,2,,1180,3,1,3,48,,9,1,5,16,2,2765,6,,4836,43,123,,13,3,471,12,65,,4,470,7,4,,,,,3,3,5,3,2,6,139,42,5,7,,5,3,4,25,3,,46,2,5,,8,6,2
2017-12-27,,,1,74,1,,,21,,,1,1,,,,1,9,1,933,1,1,,2048,,7,12,,,,,,,,,44,,,,,2,,,1,80,,4,,,,,,1,,,,,,,,,,,1,1,2,,3,,,,,,3,,1,5,,,,,,1,,2,1,,1,1,40,3,1,,,2,,,,,,1176,3,,3,48,,9,,5,15,2,2758,6,,4797,43,123,,13,3,471,12,64,,4,471,7,4,1,,,,3,3,,5,3,2,6,140,41,5,5,,5,3,4,25,3,1,46,2,5,,8,6,2,1,1179,3,,3,48,,9,1,5,15,2,2772,6,,4844,43,123,,13,3,471,12,64,,4,469,7,4,,,,,3,3,5,3,2,6,139,41,5,7,,5,3,4,25,3,,46,2,5,,8,6,2
2017-12-28,,,,40,,,,8,,,,1,,,,2,8,2,501,1,,,1018,,3,7,,,,,,,,1,53,,1,,,2,,,,12,,1,,,,,,1,,,,,,,,,,,,1,1,,1,,,,1,2,4,,2,3,,,,,,,,1,,,,,7,,1,,,1,1,,,,,1174,3,,3,49,,9,,5,15,2,2762,6,,4811,43,123,,13,3,472,12,64,,4,470,7,4,,,,,3,3,,5,3,2,6,140,41,5,5,,5,3,4,25,3,2,46,2,5,1,8,6,2,,1177,3,,3,49,,9,1,5,15,2,2776,6,,4858,43,123,,13,3,472,12,64,,4,468,7,4,,,,,3,3,5,3,2,6,139,41,5,7,,5,3,4,25,3,2,46,2,5,,8,6,2
2017-12-29,,,,127,1,,,20,,,,1,,,,3,8,,919,3,1,,1787,,3,9,,,,1,,,,,27,,,,,5,,,,67,,1,,,,,,1,,,,,,,,,1,,,,1,,3,,,1,1,1,7,1,1,4,,,,,,1,,,,,2,,60,,2,,,4,,,,,1,1183,3,,3,50,,9,1,5,15,2,2776,6,,4831,43,123,,13,3,469,12,64,,4,470,7,4,,,,,3,3,,5,2,2,6,137,41,5,5,,5,3,4,25,3,,46,2,5,,8,6,2,1,1186,3,1,3,50,,9,,5,15,2,2790,6,,4878,43,123,,13,3,469,12,64,,4,468,7,4,,,,,3,3,5,2,2,6,136,41,5,7,,5,3,4,25,3,,46,2,5,,8,6,2
2017-12-30,,,,156,,,1,13,,,,,,,,25,1,,561,2,,,1235,,2,3,,,,,,,,,20,,,,,3,,,,57,,1,,,,,,2,,,,,,,,1,,2,,1,1,,2,,,,,,3,,1,1,,,,,,,,3,,,,,39,,1,,,1,,,,,,1218,3,1,3,49,,8,,5,15,2,2796,6,,4872,43,123,,13,3,472,12,64,,4,469,7,4,,1,,,3,3,,5,2,2,6,138,41,5,5,,5,3,4,25,3,,46,3,5,,8,6,2,,1221,3,,3,49,,8,,5,15,2,2810,6,,4921,43,123,1,13,3,472,12,64,,4,467,7,4,,,,,3,3,5,2,2,6,137,41,5,7,,5,3,4,25,3,1,46,3,5,,8,6,2
2017-12-31,,,,116,,,,1,,,,1,,,,7,4,,202,,,,527,,3,,,,,1,,,,,15,,,,,,,,1,1,,,,,,,,1,,,,,,,,1,,1,,,,,1,,,,,1,7,1,,1,,,,,,,,,,,1,,,,,,,,,,,,,1257,3,1,3,51,,8,,5,15,2,2803,6,,4910,43,124,,13,3,472,12,64,,4,467,7,4,1,,,,3,3,,5,2,2,6,141,41,5,5,,5,3,4,24,3,,46,2,5,,8,6,2,,1262,3,,3,48,,8,,5,15,2,2819,6,,4959,43,123,,13,3,468,12,64,1,4,466,7,4,,,,,3,3,5,2,2,6,140,41,5,7,,5,3,4,25,3,,46,3,5,2,8,6,2
2018-01-01,,,,159,,,,2,,,,1,,,,4,10,,336,1,1,,789,,4,7,,,,,,,,,34,,,,1,2,,,,10,,3,,,,,,1,,,,,,,,1,,,,,,,1,,,,1,,6,1,1,2,,,,,,,,1,,,,,3,,4,,,,,,,,,1302,3,,3,48,,8,,5,17,2,2819,6,,4962,43,123,,13,3,468,12,64,,4,468,7,4,1,,,,3,3,,5,2,2,6,141,41,5,5,,5,3,4,25,3,,46,3,6,2,8,6,2,,1305,3,,3,48,,8,,5,17,2,2833,6,,5011,43,123,,13,3,468,12,64,,4,466,7,4,,,,,3,3,5,2,2,6,140,41,5,7,,5,3,4,25,3,1,46,3,6,2,8,6,2
2018-01-02,,,,207,,,,14,,,1,1,,,,3,7,1,612,2,1,,1358,,2,4,,,,,,,,,22,,,,,2,,,,94,,1,,,,,1,1,,,,,,,,2,,1,,,,,1,,,,1,2,4,1,1,3,,,,1,,,,,,,,,32,3,,,,2,,,,,,1337,4,,3,49,,8,,5,17,2,2829,6,,5001,43,123,,14,3,470,12,63,,4,471,7,4,,,,,3,3,,5,2,2,6,142,41,5,5,,5,3,4,25,3,1,46,2,6,2,8,6,2,,1340,4,,3,49,,8,1,5,17,2,2844,6,,5050,43,123,,14,3,470,12,63,,4,469,7,4,,,,,3,3,5,2,2,6,141,41,5,7,,5,3,4,25,3,,46,2,6,2,8,6,2
2018-01-03,,,,158,,,1,3,,,,1,1,,,1,5,,323,1,,,770,,6,12,,,,1,,,,,21,,,,,,,,,24,,2,,1,,,,1,,,,20,,,,,,,,,,,1,,1,,1,,5,,1,3,,,,,,,,,,,,,12,2,5,,,1,,,,,,1367,4,,3,50,,8,1,5,17,2,2841,6,,5009,43,123,,14,3,470,12,63,,4,471,7,4,,,,,3,3,,5,2,2,6,143,41,5,5,,5,3,4,25,3,,46,2,8,2,8,6,2,,1367,4,,3,52,,8,1,5,17,2,2850,6,,5064,43,124,,14,3,471,12,62,,4,469,7,4,,,,,3,3,5,2,2,6,142,41,5,7,,5,3,4,25,3,1,46,2,8,,9,6,2
2018-01-04,,,,262,,,1,26,,,1,1,1,1,,,11,2,1089,2,1,,2495,,8,32,,,,1,,,,1,64,,2,,1,6,,,,84,,7,,,,,,,,,1,44,,,,2,,1,,1,3,,3,,,2,3,1,9,3,12,13,,,1,,,,,,,,1,,60,3,3,,1,4,4,,,,,1387,4,1,3,52,,8,,5,17,2,2849,6,,5039,43,124,,14,3,470,12,62,,4,471,7,4,,,,,3,3,,5,2,2,6,143,42,6,5,,5,3,4,25,3,,46,2,8,1,9,6,2,,1390,4,,3,52,,8,,5,17,2,2864,6,,5088,43,124,,14,3,470,12,62,,4,469,7,4,1,1,,,3,3,5,2,2,6,142,42,6,7,,5,3,4,25,3,,46,2,8,,9,6,2
2018-01-05,,,,222,1,,1,19,,,1,1,,,,2,11,3,1109,1,,,2288,,2,14,,,,3,,1,,1,45,,,,,3,,,,72,,2,1,,,,,3,,,,15,,,,,,1,,2,1,,6,,,,,,6,2,3,6,,,,,,,,1,,,2,,30,3,4,,1,4,,1,,,1,1418,4,,3,52,,8,,5,17,2,2858,6,,5050,43,124,1,14,3,469,12,63,,4,471,7,4,,,,,3,3,,5,2,2,6,143,43,6,5,,5,3,4,25,3,,46,3,8,,8,6,2,,1421,4,,3,52,,8,,5,17,2,2873,6,,5099,43,124,1,14,3,469,12,63,1,4,469,7,4,,,,,3,3,5,2,2,6,142,43,6,7,,5,3,4,25,3,,46,3,8,,8,6,2
2018-01-06,,,,34,,,,4,,,1,2,,,,,7,,320,1,,,586,,1,5,,,,,1,1,,,19,,,,,1,,,,9,,2,,,,,,,,,,8,,,,,,,,,,,3,,,,,1,1,,1,4,,,,,,,,,,,,,1,,2,,,,,1,,,,1419,3,,3,52,,8,,5,17,2,2857,6,,5051,43,124,,14,3,466,12,63,,4,471,7,4,1,,1,,3,3,,5,2,2,6,142,43,6,5,,5,3,4,25,3,,46,3,8,,9,6,2,,1422,3,,3,52,,8,,5,17,2,2873,6,,5100,43,124,1,14,3,466,12,63,,4,469,7,4,,,1,,3,3,5,2,2,6,141,43,6,7,,5,3,4,25,3,,46,3,8,,9,6,2
